1.疏水参数计算参考值（XlogP）,10.同位素原子数量,11.确定原子立构中心数量,12.不确定原子立构中心数量,13.确定化学键立构中心数量,14.不确定化学键立构中心数量,15.共价键单元数量,2.氢键供体数量,3.氢键受体数量,4.可旋转化学键数量,5.互变异构体数量,6.拓扑分子极性表面积,7.重原子数量,8.表面电荷,9.复杂度,LogP,PSA,RTECS号,Summary,WGK德国,不确定化学键立构中心数量,不确定原子立构中心数量,个人防护装备,中文别名,中文名,中文概述,互变异构体数量,体内研究,体外研究,信号词,储存条件,共价键单元数量,分子式,分子结构,分子量,动物实验,包装等级,危害声明,危害码 (欧洲),危险品运输编码,危险类别,参考文献,可旋转化学键数量,同位素原子数量,复杂度,外观性状,安全声明 (欧洲),密度,折射率,拓扑分子极性表面积（TPSA）,描述,更多,检验检疫,氢键供体数量,氢键受体数量,水溶解性,沸点,海关编码,熔点,申报要素,疏水参数计算参考值（XlogP）,监管条件,相关类别,确定化学键立构中心数量,确定原子立构中心数量,稳定性,符号,精确质量,细胞实验,英文别名,英文名,药物名称,蒸汽压,表面电荷,警示性声明,计算化学,重原子数量,闪点,靶点,风险声明 (欧洲)
,,,,,,,,,,,,,,,2.98110,35.53000,AJ3000000,"2916399090 other aromatic monocarboxylic acids, their anhydrides, halides, peroxides, peroxyacids and their derivatives VAT:17.0% Tax rebate rate:9.0% Supervision conditions:none MFN tariff:6.5% General tariff:30.0%",3,0,0,Eyeshields;Gloves;half-mask respirator (US);multi-purpose combination respirator cartridge (US),,苯乙酸茴香酯,2916399090 其他芳香一元羧酸. 增值税率:17.0% 退税率:9.0% 监管条件:无 最惠国关税:6.5% 普通关税:30.0%,,,,,库房通风低温干燥,1,C16H16O3,1、摩尔折射率：73.372、摩尔体积（cm3/mol）：226.93、等张比容（90.2K）：577.24、表面张力（dyne/cm）：41.85、介电常数：无可用的6、极化率（10-24cm3）：29.087、单一同位素质量：256.109944 Da8、标称质量：256 Da9、平均质量：256.2964 Da,256.29600,,,,Xi: Irritant;,NONH for all modes of transport,,,6,0,263,液体,S26;S36,1.129g/cm3,n20/D 1.559,35.5,,"1. 性状：未确定2. 密度（g/mL,25℃）：1.1283. 相对蒸汽密度（g/mL,空气=1）：未确定4. 熔点（ºC）：未确定5. 沸点（ºC,常压）：3706. 沸点（ºC,2.66kPa）：未确定7. 折射率：n  20/D  1.5598. 闪点（ºF）：>2309. 比旋光度（º）：未确定10. 自燃点或引燃温度（ºC）：未确定11. 蒸气压（hPa,20ºC）：未确定12. 饱和蒸气压（kPa,20 ºC）：未确定13. 燃烧热（KJ/mol）：未确定14. 临界温度（ºC）：未确定15. 临界压力（MPa）：未确定16. 油水（辛醇/水）分配系数的对数值：未确定17. 爆炸上限（%,V/V）：未确定18. 爆炸下限（%,V/V）：未确定19. 溶解性：未确定",,0,3,organic solvents: soluble(lit.),374.8ºC at 760mmHg,2916399090,,"品名, 成分含量, 用途, 丙烯酸、丙烯酸盐或酯应报明包装",3,,,0,0,,,256.11000,,更多,(4-methoxyphenyl)methyl 2-phenylacetate,102-17-0,8.13E-06mmHg at 25°C,0,,1、 疏水参数计算参考值（XlogP）：32、 氢键供体数量：03、 氢键受体数量：34、 可旋转化学键数量：65、 互变异构体数量：6、 拓扑分子极性表面积（TPSA）：35.57、 重原子数量：198、 表面电荷：09、 复杂度：26310、 同位素原子数量：011、 确定原子立构中心数量：012、 不确定原子立构中心数量：013、 确定化学键立构中心数量：014、 不确定化学键立构中心数量：015、 共价键单元数量：1,19,157.2ºC,,36/37/38
1.6,0,0,0,0,0,1,2,2,3,无,,11,0,106,1.47220,32.26000,,2921499090 other aromatic monoamines and their derivatives; salts thereof VAT:17.0% Tax rebate rate:9.0% Supervision conditions:none MFN tariff:6.5% General tariff:30.0%,,,,,,N-羟乙基-间甲基苯胺,2921499090 其他芳香单胺及衍生物及它们的盐. 增值税率:17.0% 退税率:9.0% 监管条件:无 最惠国关税:6.5% 普通关税:30.0%,,,,,2-8°C,,C9H13NO,1、 摩尔折射率：46.852、 摩尔体积（cm3/mol）：139.13、 等张比容（90.2K）：360.34、 表面张力（dyne/cm）：44.95、 极化率（10-24cm3）：18.57,151.20600,,,,,,,,,,,,,1.086g/cm3,1.588,,,,,,,,302.5ºC at 760mmHg,2921499090,156-159 °C(Press: 10 Torr),"品名, 成分含量, 用途",,,,,,,,151.10000,,更多,2-(3-methylanilino)ethanol,102-41-0,0.000434mmHg at 25°C,,,1.疏水参数计算参考值（XlogP）:1.62.氢键供体数量:23.氢键受体数量:24.可旋转化学键数量:35.互变异构体数量:无6.拓扑分子极性表面积32.37.重原子数量:118.表面电荷:09.复杂度:10610.同位素原子数量:011.确定原子立构中心数量:012.不确定原子立构中心数量:013.确定化学键立构中心数量:014.不确定化学键立构中心数量:015.共价键单元数量:1,,146.6ºC,,
1.4,0,0,1,0,0,1,2,2,3,无,,11,0,99.7,1.68040,32.26000,,"2922199090. other amino-alcohols, other than those containing more than one kind of oxygen function, their ethers and esters; salts thereof. VAT:17.0%. Tax rebate rate:13.0%. . MFN tariff:6.5%. General tariff:30.0%",,,,,,1-环己基氨基-2-丙醇,2922199090. 其他氨基醇及其醚，酯和它们的盐（但含一种以上含氧基的除外）. 增值税率:17.0%. 退税率:13.0%. 监管条件:无. 最惠国关税:6.5%. 普通关税:30.0%,,,,,,,C9H19NO,,157.25300,,,,,,,,,,,,,0.95g/cm3,1.478,,,,,,,,275.4ºC at 760mmHg,2922199090,,"品名, 成分含量, 用途, 乙醇胺及其盐应报明色度, 乙醇胺及其盐应报明包装",,,,,,,,157.14700,,更多,1-(cyclohexylamino)propan-2-ol,103-00-4,0.000641mmHg at 25°C,,,1.疏水参数计算参考值（XlogP）:1.42.氢键供体数量:23.氢键受体数量:24.可旋转化学键数量:35.互变异构体数量:无6.拓扑分子极性表面积32.37.重原子数量:118.表面电荷:09.复杂度:99.710.同位素原子数量:011.确定原子立构中心数量:012.不确定原子立构中心数量:113.确定化学键立构中心数量:014.不确定化学键立构中心数量:015.共价键单元数量:1,,107.1ºC,,
无,0,0,0,0,0,1,1,1,8,2,,16,0,148,6.19,20.23000,SM5650000,2907131000 4-nonylphenol。supervision conditions:x(environment control release notice for poisonous chemicals)。VAT:17.0%。tax rebate rate:9.0%。MFN tarrif:5.5%。general tariff:30.0%,3,,,Eyeshields;Faceshields;full-face particle respirator type N100 (US);Gloves;respirator cartridge type N100 (US);type P1 (EN143) respirator filter;type P3 (EN 143) respirator cartridges,4-壬基苯酚,对壬基酚,2907131000 壬基酚、对壬基酚、支链-4-壬基酚〔包括4-壬基苯酚、壬基苯酚〕。监管条件:X(有毒化学品环境管理放行通知单)。增值税率:17.0%。退税率:9.0%。最低关税:5.5%。普通关税:30.0%,,,,Danger,储存于阴凉、通风的库房。远离火种、热源、水源。保持容器密封。应与氧化剂分开存放，切忌混储。配备相应品种和数量的消防器材。储区应备有合适的材料收容泄漏物。,,C15H24O,1、 摩尔折射率：70.112、 摩尔体积（cm3/mol）：236.23、 等张比容（90.2K）：577.34、 表面张力（dyne/cm）：35.65、 介电常数：6、 偶极距（10-24cm3）：7、 极化率：27.79,220.350,,III,H302-H314-H361-H411,C: Corrosive;,UN 3145 8/PG 2,8,,,,,黏的无色液体带有一种像酚一样的气味,S26-S36/37/39-S45-S61-S60,0.9±0.1 g/cm3,1.505,,,"1. 性状：浅黄色黏稠液体，略有苯酚气味。2. 相对密度（g/mL,20/20℃）：0.9503. 相对蒸汽密度（g/mL,空气=1）：未确定4. 熔点（ºC）：42.55. 沸点（ºC,常压）：180.5206. 常温折射率（n25）：1.492045.57. 折射率：1.5138. 闪点（ºC）：110(开杯)9. 比旋光度（º）：未确定10. 自燃点或引燃温度（ºC）: 未确定11. 蒸气压（mmHg,ºC）：未确定12. 饱和蒸气压（kPa, ºC）：未确定13. 燃烧热（KJ/mol）：未确定14. 临界温度（ºC）：未确定15. 临界压力（KPa）：未确定16. 油水（辛醇/水）分配系数的对数值：未确定17. 爆炸上限（%,V/V）：未确定18. 爆炸下限（%,V/V）：未确定19. 溶解性：溶于苯、苯胺、庚烷、脂肪醇、乙二醇等，几乎不溶于水或稀碱溶液。",,,,,330.6±11.0 °C at 760 mmHg,2907131000,43-44°C,"品名, 成分含量, 用途, 原产地证据文件及编号(例 附原产地证书, 原产于印度、台湾的",,X.有毒化学品环境管理放行通知单,,,,避免与氧化物接触。具有腐蚀性和刺激性，能引起烧伤。使用时应穿防护服。,"GHS05, GHS07, GHS08, GHS09",220.182709,,更多,4-nonylphenol,104-40-5,0.0±0.7 mmHg at 25°C,,P260-P280-P301 + P312 + P330-P303 + P361 + P353-P304 + P340 + P310-P305 + P351 + P338,1.疏水参数计算参考值（XlogP）:无2.氢键供体数量:13.氢键受体数量:14.可旋转化学键数量:85.互变异构体数量:26.拓扑分子极性表面积20.27.重原子数量:168.表面电荷:09.复杂度:14810.同位素原子数量:011.确定原子立构中心数量:012.不确定原子立构中心数量:013.确定化学键立构中心数量:014.不确定化学键立构中心数量:015.共价键单元数量:1,,184.2±9.4 °C,,R22;R34;R52/53
,,,,,,,,,,,,,,,5.85560,20.23000,,,,,,,对十二烷基苯酚,4-十二烷基苯酚,,,,,,室温，存于惰性气体中,,C18H30O,1、 摩尔折射率：84.012、 摩尔体积（cm3/mol）：285.73、 等张比容（90.2K）：696.74、 表面张力（dyne/cm）：35.35、 极化率（10-24cm3）：33.30,262.43000,,,,C: Corrosive;,,,,,,,稻黄色的液体,26-36/37/39-45,0.94 g/mL at 25ºC(lit.),n20/D 1.503(lit.),,,1.沸点（ºC）：310~3352.闪点（ºC）：>230,,,,,310-335ºC(lit.),,,,,,,,,,,262.23000,,更多,4-Dodecylphenol,104-43-8,3.3E-06mmHg at 25°C,,,,,>230 °F,,R34
无,0,0,0,0,0,1,3,6,4,4,,17,0,330,,112.93000,,,,,,,,甘铋胂,,,,,,,,C8H9AsBiNO6,,499.06200,,,,,,,,,,,,,,,,,,,,,,,,,,,,,,,,,498.94500,,更多,[4-[(2-hydroxyacetyl)amino]phenyl]-oxobismuthanyloxyarsinic acid,116-49-4,,,,1.疏水参数计算参考值（XlogP）:无2.氢键供体数量:33.氢键受体数量:64.可旋转化学键数量:45.互变异构体数量:46.拓扑分子极性表面积1137.重原子数量:178.表面电荷:09.复杂度:33010.同位素原子数量:011.确定原子立构中心数量:012.不确定原子立构中心数量:013.确定化学键立构中心数量:014.不确定化学键立构中心数量:015.共价键单元数量:1,,,,
6,0,0,0,0,0,1,1,1,4,3,,17,0,242,5.92,20.23000,SL3500000,2907199090 other monophenols VAT:17.0% Tax rebate rate:9.0% Supervision conditions:none MFN tariff:5.5% General tariff:30.0%,2,,,Eyeshields;Faceshields;full-face respirator (US);Gloves;multi-purpose combination respirator cartridge (US);type ABEK (EN14387) respirator filter,"2,4-二叔戊基苯|2,4-二特戊基苯酚|2,4-双(1,1-二甲基丙基)苯酚","2,4-二叔戊基苯酚",2907199090 其他一元酚. 增值税率:17.0% 退税率:9.0% 监管条件:无 最惠国关税:5.5% 普通关税:30.0%,,,,Warning,室温，干燥,,C16H26O,五、分子性质数据：1、 摩尔折射率：74.172、 摩尔体积（m3/mol）：254.23、 等张比容（90.2K）：597.94、 表面张力（dyne/cm）：30.55、 介电常数：6、 偶极距（10-24cm3）：7、 极化率：29.40,234.377,,I; II; III,H302-H319,Xn:Harmful;,NONH for all modes of transport,,,,,,透明至淡黄色半固体,S26-S37/39,0.9±0.1 g/cm3,1.495,,,1. 密度：0.9302. 折光率：1.506~1.5083. 闪点（℃）：1434. 熔点（℃）：25,,,,,285.1±0.0 °C at 760 mmHg,2907199090,25 °C(lit.),"品名, 成分含量, 用途",,,,,,,GHS07,234.198364,,更多,"2,4-Di-tert-pentylphenol",120-95-6,0.0±0.6 mmHg at 25°C,,P305 + P351 + P338,1.疏水参数计算参考值（XlogP）:62.氢键供体数量:13.氢键受体数量:14.可旋转化学键数量:45.互变异构体数量:36.拓扑分子极性表面积20.27.重原子数量:178.表面电荷:09.复杂度:24210.同位素原子数量:011.确定原子立构中心数量:012.不确定原子立构中心数量:013.确定化学键立构中心数量:014.不确定化学键立构中心数量:015.共价键单元数量:1,,139.9±7.8 °C,,R22;R36/38
1.3,0,0,0,0,0,1,3,4,4,47,,15,0,218,1.66940,69.56000,,"2922509090. other amino-alcohol-phenols, amino-acid-phenols and other amino-compounds with oxygen function. VAT:17.0%. Tax rebate rate:13.0%. . MFN tariff:6.5%. General tariff:30.0%",,,,,"1-(3,4-二羟基苯基)-2-[(1-甲基乙基)氨基]乙酮|(3,4-二羟基苯基)[(异丙基氨基)甲基]酮|1-(3,4-二羟基苯基)-2-[(1-甲基乙基)氨基]-1-乙酮|1-(3,4-二羟基苯基)-2-(异丙基氨基)乙酮",异丙基肾上腺酮,2922509090. 其他氨基醇酚、氨基酸酚及其他含氧基氨基化合物. 增值税率:17.0%. 退税率:13.0%. 监管条件：AB. 最惠国关税:6.5%. 普通关税:30.0%,,,,,,,C11H15NO3,1、 摩尔折射率：57.492、 摩尔体积（cm3/mol）：176.53、 等张比容（90.2K）：467.14、 表面张力（dyne/cm）：49.05、 极化率（10-24cm3）：22.79,209.24200,,,,,,,,,,,,,1.185g/cm3,1.564,,,1.性状：黄色结晶。,R.进口食品卫生监督检验 S.出口食品卫生监督检验,,,,409.7ºC at 760mmHg,2922509090,96ºC,"品名, 成分含量, 用途, 乙醇胺及其盐应报明色度, 乙醇胺及其盐应报明包装",,A.入境货物通关单 B.出境货物通关单,,,,,,209.10500,,更多,"1-(3,4-dihydroxyphenyl)-2-(propan-2-ylamino)ethanone",121-28-8,2.69E-07mmHg at 25°C,,,1.疏水参数计算参考值（XlogP）:1.32.氢键供体数量:33.氢键受体数量:44.可旋转化学键数量:45.互变异构体数量:476.拓扑分子极性表面积69.67.重原子数量:158.表面电荷:09.复杂度:21810.同位素原子数量:011.确定原子立构中心数量:012.不确定原子立构中心数量:013.确定化学键立构中心数量:014.不确定化学键立构中心数量:015.共价键单元数量:1,,201.6ºC,,
,,,,,,,,,,,,,,,,,,,,,,,,,,,,,,,,,,,,,,,,,,,,,,,,,,,,,,,,,,,,,,,,,,,,,,,121-53-9,,,,,,,,
2.6,0,0,0,0,0,1,0,2,0,无,21.6,15,0,251,2.97850,21.59000,,2934999090. other heterocyclic compounds. VAT:17.0%. Tax rebate rate:13.0%. . MFN tariff:6.5%. General tariff:20.0%,,,,,,"二苯并[b,f][1,4]噁唑频",2934999090. 其他杂环化合物. 增值税率:17.0%. 退税率:13.0%. 监管条件:无. 最惠国关税:6.5%. 普通关税:20.0%,,,,,"库房低温通风干燥,密闭,与食品原料分开存放",,C13H9NO,,195.21700,,,,,,,,,,,,,1.16g/cm3,1.625,,,,,,,,329.3ºC at 760mmHg,2934999090,,"品名, 成分含量, 用途",,,,,,,,195.06800,,更多,"benzo[b][1,4]benzoxazepine",257-07-8,0.000342mmHg at 25°C,,,1.疏水参数计算参考值（XlogP）:2.62.氢键供体数量:03.氢键受体数量:24.可旋转化学键数量:05.互变异构体数量:无6.拓扑分子极性表面积:21.67.重原子数量:158.表面电荷:09.复杂度:25110.同位素原子数量:011.确定原子立构中心数量:012.不确定原子立构中心数量:013.确定化学键立构中心数量:014.不确定化学键立构中心数量:015.共价键单元数量:1,,125ºC,,
-1.4,0,0,0,0,0,1,4,4,0,无,,13,0,95.8,0.06370,48.12000,,2933990090. heterocyclic compounds with nitrogen hetero-atom(s) only. VAT:17.0%. Tax rebate rate:13.0%. . MFN tariff:6.5%. General tariff:20.0%,,,,,"1,4,7,10-四氮杂环十三烷","1,4,7,10-四氮环十四烷",2933990090. 其他仅含氮杂原子的杂环化合物. 增值税率:17.0%. 退税率:13.0%. 监管条件:无. 最惠国关税:6.5%. 普通关税:20.0%,,,,,,,C9H22N4,1、 摩尔折射率：50.282、 摩尔体积（cm3/mol）：197.03、 等张比容（90.2K）：451.64、 表面张力（dyne/cm）：27.65、 极化率（10-24cm3）：19.93,186.29800,,,,,,,,,,,,,0.867g/cm3,1.425,,,"一、物性数据性状：不可用密度（g/mL,25/4℃）：不可用相对蒸汽密度（g/mL,空气=1）：不可用熔点（ºC）：不可用沸点（ºC,常压）：不可用沸点（ºC,5.2kPa）：不可用折射率：不可用闪点（ºC）：不可用比旋光度（º）：不可用自燃点或引燃温度（ºC）：不可用蒸气压（kPa,25ºC）：不可用饱和蒸气压（kPa,60ºC）：不可用燃烧热（KJ/mol）：不可用临界温度（ºC）：不可用临界压力（KPa）：不可用油水（辛醇/水）分配系数的对数值：不可用爆炸上限（%,V/V）：不可用爆炸下限（%,V/V）：不可用溶解性：不可用",,,,,300.5ºC at 760mmHg,2933990090,,"品名, 成分含量, 用途, 乌洛托品请注明外观, 6－己内酰胺请注明外观, 签约日期",,,,,,,,186.18400,,更多,"1,4,7,10-tetrazacyclotridecane",295-14-7,0.001mmHg at 25°C,,,1.疏水参数计算参考值（XlogP）:-1.42.氢键供体数量:43.氢键受体数量:44.可旋转化学键数量:05.互变异构体数量:无6.拓扑分子极性表面积48.17.重原子数量:138.表面电荷:09.复杂度:95.810.同位素原子数量:011.确定原子立构中心数量:012.不确定原子立构中心数量:013.确定化学键立构中心数量:014.不确定化学键立构中心数量:015.共价键单元数量:1,,139.7ºC,,
,,,,,,,,,,,,,,,-2.93,60.15000,,2933990090. heterocyclic compounds with nitrogen hetero-atom(s) only. VAT:17.0%. Tax rebate rate:13.0%. . MFN tariff:6.5%. General tariff:20.0%,,,,,"1,4,7,10,13-五噁氮杂环十五烷","1,4,7,10,13-五氮杂环十五烷",2933990090. 其他仅含氮杂原子的杂环化合物. 增值税率:17.0%. 退税率:13.0%. 监管条件:无. 最惠国关税:6.5%. 普通关税:20.0%,,,,,2-8°C,,C10H25N5,,215.339,,,,Xi,,,,,,,,,0.9±0.1 g/cm3,1.424,,,,,,,,342.6±10.0 °C at 760 mmHg,2933990090,100-102ºC,"品名, 成分含量, 用途, 乌洛托品请注明外观, 6－己内酰胺请注明外观, 签约日期",,,,,,,,215.210999,,更多,"1,4,7,10,13-pentaazacyclopentadecane",295-64-7,0.0±0.8 mmHg at 25°C,,,,,167.8±14.1 °C,,
无,0,0,0,0,0,1,6,6,0,无,,18,0,108,-3.51,72.18000,,2933990090. heterocyclic compounds with nitrogen hetero-atom(s) only. VAT:17.0%. Tax rebate rate:13.0%. . MFN tariff:6.5%. General tariff:20.0%,3,,,,"1,4,7,10,13,16-五氮杂环十八烷|六环烯","1,4,7,10,13,16-六氮杂环十八烷",2933990090. 其他仅含氮杂原子的杂环化合物. 增值税率:17.0%. 退税率:13.0%. 监管条件:无. 最惠国关税:6.5%. 普通关税:20.0%,,,,,室温,,C12H30N6,,258.407,,,,Xi: Irritant;,,,,,,,,26-36,0.9±0.1 g/cm3,1.424,,"六环素是一种生物化学试剂,可作为生物材料或有机化合物用于生命科学相关研究。","一、物性数据性状：不可用密度（g/mL,25/4℃）：不可用相对蒸汽密度（g/mL,空气=1）：不可用熔点（ºC）：149沸点（ºC,常压）：不可用沸点（ºC,5.2kPa）：不可用折射率：不可用闪点（ºC）：不可用比旋光度（º）：不可用自燃点或引燃温度（ºC）：不可用蒸气压（kPa,25ºC）：不可用饱和蒸气压（kPa,60ºC）：不可用燃烧热（KJ/mol）：不可用临界温度（ºC）：不可用临界压力（KPa）：不可用油水（辛醇/水）分配系数的对数值：不可用爆炸上限（%,V/V）：不可用爆炸下限（%,V/V）：不可用溶解性：不可用",,,,,449.8±40.0 °C at 760 mmHg,2933990090,147-152ºC,"品名, 成分含量, 用途, 乌洛托品请注明外观, 6－己内酰胺请注明外观, 签约日期",,,研究领域>>其他,,,,,258.253204,,更多,"1,4,7,10,13,16-hexazacyclooctadecane",296-35-5,0.0±1.1 mmHg at 25°C,,,1.疏水参数计算参考值（XlogP）:无2.氢键供体数量:63.氢键受体数量:64.可旋转化学键数量:05.互变异构体数量:无6.拓扑分子极性表面积72.27.重原子数量:188.表面电荷:09.复杂度:10810.同位素原子数量:011.确定原子立构中心数量:012.不确定原子立构中心数量:013.确定化学键立构中心数量:014.不确定化学键立构中心数量:015.共价键单元数量:1,,243.9±22.4 °C,,R36/38
,,,,,,,,,,,,,,,2.75740,57.53000,,"2922299090. other amino-naphthols and other amino-phenols, other than those containing more than one kind of oxygen function, their ethers and esters; salts thereof. VAT:17.0%. Tax rebate rate:13.0%. . MFN tariff:6.5%. General tariff:30.0%",,,,,2-羟基联苯-3-羧酸,3-苯基水杨酸,"2922299090. 其他氨基(萘酚、酚)及醚、酯〔包括它们的盐, 但含有一种以上含氧基的除外〕. 增值税率:17.0%. 退税率:13.0%. 监管条件:无. 最惠国关税:6.5%. 普通关税:30.0%",,,,,室温,,C13H10O3,1、 摩尔折射率：59.652、 摩尔体积（m3/mol）：165.63、 等张比容（90.2K）：457.74、 表面张力（dyne/cm）：58.25、 极化率（10-24cm3）：23.64,214.21700,,,,,,,,,,,,S22-S24/25,1.292g/cm3,1.639,,,"一、物性数据性状：不可用密度（g/mL,25/4℃）：不可用相对蒸汽密度（g/mL,空气=1）：不可用熔点（ºC）：186沸点（ºC,常压）：不可用沸点（ºC,5.2kPa）：不可用折射率：不可用闪点（ºC）：不可用比旋光度（º）：不可用自燃点或引燃温度（ºC）：不可用蒸气压（kPa,25ºC）：不可用饱和蒸气压（kPa,60ºC）：不可用燃烧热（KJ/mol）：不可用临界温度（ºC）：不可用临界压力（KPa）：不可用油水（辛醇/水）分配系数的对数值：不可用爆炸上限（%,V/V）：不可用爆炸下限（%,V/V）：不可用溶解性：不可用",,,,,393.1ºC at 760 mmHg,2922299090,186ºC,"品名, 成分含量, 用途, 乙醇胺及其盐应报明色度, 乙醇胺及其盐应报明包装",,,,,,,,214.06300,,更多,2-hydroxy-3-phenylbenzoic acid,304-06-3,,,,,,205.7ºC,,
5.1,0,0,0,0,0,1,0,14,2,无,,20,0,337,5.44,,,"2903399090. brominated,fluorinated or iodinated derivatives of acyclic hydrocarbons. VAT:17.0%. Tax rebate rate:13.0%. . MFN tariff:5.5%. General tariff:30.0%",,,,,"2-三氟甲基全氟戊烷|2-三氟甲基-1,1,1,2,3,3,4,4,5,5,5-十一氟代戊烷",十四氟-2-甲基戊烷,2903399090. 其他无环烃的氟化、溴化或碘化衍生物. 增值税率:17.0%. 退税率:13.0%. 监管条件:无. 最惠国关税:5.5%. 普通关税:30.0%,,,,,,,C6F14,1、 摩尔折射率：31.932、 摩尔体积（cm3/mol）：204.13、 等张比容（90.2K）：374.54、 表面张力（dyne/cm）：11.35、 极化率（10-24cm3）：12.65,338.042,,,,Xi: Irritant;,,,,,,,透明无色液体,S41,1.7±0.1 g/cm3,1.248,,,"一、物性数据性状：不可用密度（g/mL,25/4℃）：1.723相对密度（20℃，4℃）：0.7326熔点（ºC）：-170.7沸点（ºC,常压）：57.7沸点（ºC,5.2kPa）：不可用折射率：1.3000常温折射率（n20）：1.2564比旋光度（º）：不可用自燃点或引燃温度（ºC）：不可用蒸气压（kPa,25ºC）：不可用饱和蒸气压（kPa,60ºC）：不可用临界温度（K）：180.95临界压力（MPa）：1.923临界密度（g·cm-3）：0.614临界体积（cm3·mol-1）：550临界压缩因子：0.280偏心因子：0.464溶解性：不可用",,,,,59.7±8.0 °C at 760 mmHg,2903399090,<-150ºC,"品名, 成分含量, 用途",,,,,,,,337.977631,,更多,"1,1,1,2,2,3,3,4,5,5,5-undecafluoro-4-(trifluoromethyl)pentane",355-04-4,212.2±0.1 mmHg at 25°C,,,1.疏水参数计算参考值（XlogP）:5.12.氢键供体数量:03.氢键受体数量:144.可旋转化学键数量:25.互变异构体数量:无6.拓扑分子极性表面积07.重原子数量:208.表面电荷:09.复杂度:33710.同位素原子数量:011.确定原子立构中心数量:012.不确定原子立构中心数量:013.确定化学键立构中心数量:014.不确定化学键立构中心数量:015.共价键单元数量:1,,2.1±10.2 °C,,
2.5,0,0,0,0,0,1,0,7,4,无,,13,0,208,1.91320,26.30000,,2916129000 other esters of acrylic acid VAT:17.0% Tax rebate rate:9.0% Supervision conditions:none MFN tariff:6.5% General tariff:30.0%,3,,,Eyeshields;Faceshields;full-face respirator (US);Gloves;multi-purpose combination respirator cartridge (US);type ABEK (EN14387) respirator filter,"2,2,3,3,3-五氟丙烯酸丙酯","2,2,3,3,3-五氟丙基丙烯酸酯",2916129000 其他丙烯酸酯. 增值税率:17.0% 退税率:9.0% 监管条件:无 最惠国关税:6.5% 普通关税:30.0%,,,,Warning,Keep Cold,,C6H5F5O2,1、 摩尔折射率：32.092、 摩尔体积（m3/mol）：153.43、 等张比容（90.2K）：322.34、 表面张力（dyne/cm）：19.45、 极化率（10-24cm3）：12.72,204.09500,,II,H226-H302-H312-H319-H332-H335,Xn: Harmful;F: Flammable;,UN 3272 3/PG 3,3,,,,,液体,S16-S26-S36,1.32 g/mL at 25 °C(lit.),n20/D 1.336(lit.),,,"一、物性数据性状：不可用密度（g/mL,25/4℃）：1.32相对蒸汽密度（g/mL,空气=1）：不可用熔点（ºC）：49-50沸点（ºC,常压）：50沸点（ºC,5.2kPa）：不可用折射率：1.336闪点（ºC）：不可用比旋光度（º）：不可用自燃点或引燃温度（ºC）：不可用蒸气压（kPa,25ºC）：不可用饱和蒸气压（kPa,60ºC）：不可用燃烧热（KJ/mol）：不可用临界温度（ºC）：不可用临界压力（KPa）：不可用油水（辛醇/水）分配系数的对数值：不可用爆炸上限（%,V/V）：不可用爆炸下限（%,V/V）：不可用溶解性：不可用",,,,,50 °C100 mm Hg(lit.),2916129000,49-50°C,"品名, 成分含量, 用途, 丙烯酸、丙烯酸盐或酯应报明包装",,,,,,,"GHS02, GHS07",204.02100,,更多,"2,2,3,3,3-pentafluoropropyl prop-2-enoate",356-86-5,,,P261-P280-P305 + P351 + P338,1.疏水参数计算参考值（XlogP）:2.52.氢键供体数量:03.氢键受体数量:74.可旋转化学键数量:45.互变异构体数量:无6.拓扑分子极性表面积26.37.重原子数量:138.表面电荷:09.复杂度:20810.同位素原子数量:011.确定原子立构中心数量:012.不确定原子立构中心数量:013.确定化学键立构中心数量:014.不确定化学键立构中心数量:015.共价键单元数量:1,,73 °F,,R10;R36/37/38
4.8,0,0,0,0,0,1,0,14,0,无,,20,0,376,3.85120,3.24000,,2933399090. other compounds containing an unfused pyridine ring (whether or not hydrogenated) in the structure. VAT:17.0%. Tax rebate rate:13.0%. . MFN tariff:6.5%. General tariff:20.0%,,,,,,全氟-N-甲基哌啶,2933399090. 其他结构含非稠合吡啶环的化合物. 增值税率:17.0%. 退税率:13.0%. 监管条件:无. 最惠国关税:6.5%. 普通关税:20.0%,,,,,,,C6F13N,1、 摩尔折射率：33.252、 摩尔体积（m3/mol）：185.63、 等张比容（90.2K）：363.54、 表面张力（dyne/cm）：14.75、 极化率（10-24cm3）：13.18,333.05000,,,,Xi,,,,,,,,S26;S36,1.79g/cm3,1.286,,,"一、物性数据性状：不可用密度（g/mL,25/4℃）：不可用相对蒸汽密度（g/mL,空气=1）：不可用熔点（ºC）：不可用沸点（ºC,常压）：不可用沸点（ºC,5.2kPa）：不可用折射率：不可用闪点（ºC）：不可用比旋光度（º）：不可用自燃点或引燃温度（ºC）：不可用蒸气压（kPa,25ºC）：不可用饱和蒸气压（kPa,60ºC）：不可用燃烧热（KJ/mol）：不可用临界温度（ºC）：不可用临界压力（KPa）：不可用油水（辛醇/水）分配系数的对数值：不可用爆炸上限（%,V/V）：不可用爆炸下限（%,V/V）：不可用溶解性：不可用",,,,,42.2ºC at 760 mmHg,2933399090,,"品名, 成分含量, 用途, 乌洛托品请注明外观, 6－己内酰胺请注明外观, 签约日期",,,,,,,,332.98200,,更多,"2,2,3,3,4,4,5,5,6,6-decafluoro-1-(trifluoromethyl)piperidine",359-71-7,,,,1.疏水参数计算参考值（XlogP）:4.82.氢键供体数量:03.氢键受体数量:144.可旋转化学键数量:05.互变异构体数量:无6.拓扑分子极性表面积3.27.重原子数量:208.表面电荷:09.复杂度:37610.同位素原子数量:011.确定原子立构中心数量:012.不确定原子立构中心数量:013.确定化学键立构中心数量:014.不确定化学键立构中心数量:015.共价键单元数量:1,,,,R36/37/38
,,,,,,,,,,,,,,,2.25540,77.70000,,,,,,,,"3-(4-氟苯基)-2-硫基氧代-1,3-噻唑烷-4-酮",,,,,,室温,,C9H6FNOS2,,227.27800,,,,Xi: Irritant;,,,,,,,,,1.53g/cm3,1.707,,,,,,,,339ºC at 760mmHg,,,,,,,,,,,226.98700,,更多,"3-(4-fluorophenyl)-2-sulfanylidene-1,3-thiazolidin-4-one",387-27-9,,,,,,158.9ºC,,
3.6,0,0,0,0,0,1,0,3,1,无,,12,0,160,3.67,,,2903999090 halogenated derivatives of aromatic hydrocarbons VAT:17.0% Tax rebate rate:9.0% Supervision conditions:none MFN tariff:5.5% General tariff:30.0%,,,,Eyeshields;Faceshields;full-face respirator (US);Gloves;multi-purpose combination respirator cartridge (US);type ABEK (EN14387) respirator filter,2-三氟甲基苯乙烯|邻三氟甲基苯乙烯,2-(三氟甲基)苯乙烯,2903999090 其他芳烃卤化衍生物. 增值税率:17.0% 退税率:9.0% 监管条件:无 最惠国关税:5.5% 普通关税:30.0%,,,,Warning,保持贮藏器密封、储存在阴凉、干燥的地方，确保工作间有良好的通风或排气装置,,C9H7F3,,172.147,,III,H226-H315-H319-H335,Xi: Irritant;,UN 1993 3,3.2,,,,,无色液体,16-26-36/37/39,1.2±0.1 g/cm3,1.478,,,"1. 性状：未确定2. 密度（g/mL,25℃）：1.1753. 相对蒸汽密度（g/mL,空气=1）：未确定4. 熔点（ºC）：未确定5. 沸点（ºC,常压）：未确定6. 沸点（ºC, 5.33KPa）：617. 折射率：n20/D 1.478. 闪点（ºC）：42.29. 比旋光度（º）：未确定10. 自燃点或引燃温度（ºC）：未确定11. 蒸气压（mmHg,25ºC）：未确定12. 饱和蒸气压（KPa,25ºC）：未确定13. 燃烧热（KJ/mol）：未确定14. 临界温度（ºC）：未确定15. 临界压力（KPa）：未确定16. 油水（辛醇/水）分配系数的对数值：未确定17. 爆炸上限（%,V/V）：未确定18. 爆炸下限（%,V/V）：未确定19. 溶解性：未确定",,,,,145.2±0.0 °C at 760 mmHg,2903999090,,"品名, 成分含量, 用途",,,,,,如果遵照规格使用和储存则不会分解，未有已知危险反应,"GHS02, GHS07",172.049988,,更多,1-ethenyl-2-(trifluoromethyl)benzene,395-45-9,6.2±0.2 mmHg at 25°C,,P261-P305 + P351 + P338,1.疏水参数计算参考值（XlogP）:3.62.氢键供体数量:03.氢键受体数量:34.可旋转化学键数量:15.互变异构体数量:无6.拓扑分子极性表面积07.重原子数量:128.表面电荷:09.复杂度:16010.同位素原子数量:011.确定原子立构中心数量:012.不确定原子立构中心数量:013.确定化学键立构中心数量:014.不确定化学键立构中心数量:015.共价键单元数量:1,,42.2±0.0 °C,,R10
2.4,0,0,0,0,0,1,0,2,1,无,,6,0,59.8,1.93,,,,,,,,"3,3-二氟-3-溴丙烯","3-溴-3,3-二氟丙烯",,,,,,Keep Cold,,C3H3BrF2,1、 摩尔折射率：23.692、 摩尔体积（m3/mol）：97.23、 等张比容（90.2K）：206.74、 表面张力（dyne/cm）：20.45、 极化率（10-24cm3）：9.39,156.957,,,,Xi: Irritant;,,,,,,,,S26-S36/37/39,1.6±0.1 g/cm3,1.402,,,"一、物性数据性状：不可用密度（g/mL,25/4℃）：1.543相对蒸汽密度（g/mL,空气=1）：不可用熔点（ºC）：53-54沸点（ºC,常压）：41-42沸点（ºC,5.2kPa）：不可用折射率：1.377闪点（ºC）：不可用比旋光度（º）：不可用自燃点或引燃温度（ºC）：不可用蒸气压（kPa,25ºC）：不可用饱和蒸气压（kPa,60ºC）：不可用燃烧热（KJ/mol）：不可用临界温度（ºC）：不可用临界压力（KPa）：不可用油水（辛醇/水）分配系数的对数值：不可用爆炸上限（%,V/V）：不可用爆炸下限（%,V/V）：不可用溶解性：不可用",,,,,42.0±0.0 °C at 760 mmHg,,53-54°C,,,,,,,,,155.938614,,更多,"3-bromo-3,3-difluoroprop-1-ene",420-90-6,410.8±0.0 mmHg at 25°C,,,1.疏水参数计算参考值（XlogP）:2.42.氢键供体数量:03.氢键受体数量:24.可旋转化学键数量:15.互变异构体数量:无6.拓扑分子极性表面积07.重原子数量:68.表面电荷:09.复杂度:59.810.同位素原子数量:011.确定原子立构中心数量:012.不确定原子立构中心数量:013.确定化学键立构中心数量:014.不确定化学键立构中心数量:015.共价键单元数量:1,,-4.6±25.9 °C,,R36/37/38
,,,,,,,,,,,,,,,1.39880,32.59000,,2928000090 other organic derivatives of hydrazine or of hydroxylamine VAT:17.0% Tax rebate rate:9.0% Supervision conditions:none MFN tariff:6.5% General tariff:20.0%,,,,,,"1,1,1-三氟-2-丙酮肟",2928000090 其他肼（联氨）及胲（羟胺）的有机衍生物。监管条件:无。增值税率:17.0%。退税率:9.0%。最惠国关税:6.5%。普通关税:20.0%,,,,,,,C3H4F3NO,,127.06500,,,,Xi: Irritant;,,,,,,,,26-36/37/39,1.32g/cm3,1.343,,,,,,,,96.3ºC at 760mmHg,2928000090,,"品名, 成分含量, 用途",,,,,,,,127.02400,,更多,"1,1,1-Trifluoroacetone oxime",431-40-3,31.3mmHg at 25°C,,,,,12ºC,,36/37/38
,,,,,,,,,,,,,,,5.39640,,,2903999090 halogenated derivatives of aromatic hydrocarbons VAT:17.0% Tax rebate rate:9.0% Supervision conditions:none MFN tariff:5.5% General tariff:30.0%,,,,,,"1-氯-2,4,6-三(三氟甲基)苯",2903999090 其他芳烃卤化衍生物. 增值税率:17.0% 退税率:9.0% 监管条件:无 最惠国关税:5.5% 普通关税:30.0%,,,,,,,C9H2ClF9,,316.55100,,,,Xi: Irritant;,,,,,,,,,1.567g/cm3,1.373,,,,,,,,137.5ºC at 760 mmHg,2903999090,,"品名, 成分含量, 用途",,,,,,,,315.97000,,更多,"2-chloro-1,3,5-tris(trifluoromethyl)benzene",444-38-2,8.71mmHg at 25°C,,,,,56.9ºC,,
,,,,,,,,,,,,,,,2.14,81.07000,,,,,,,,4-氨基-2-氟-5-硝基苯甲醚,,,,,,室温,,C7H7FN2O3,,186.141,,,,,,,,,,,,,1.4±0.1 g/cm3,1.578,,,,,,,,355.4±37.0 °C at 760 mmHg,,142.5-143.5 °C,,,,,,,,,186.044067,,更多,5-fluoro-4-methoxy-2-nitroaniline,446-20-8,0.0±0.8 mmHg at 25°C,,,,,168.7±26.5 °C,,
,,,,,,,,,,,,,,,2.79,94.83000,,,,,,,芦西定|光泽汀,"1,3-二羟基-2-(羟基甲基)蒽醌",,,,,,-20°C,,C15H10O5,,270.237,,,,,,,"[1].Westendorf J, et al. The genotoxicity of lucidin, a natural component of Rubia tinctorum L., and lucidinethylether, a component of ethanolic Rubia extracts. Cell Biol Toxicol. 1988 Jun;4(2):225-39.[2].Westendorf J, et al. Carcinogenicity and DNA adduct formation observed in ACI rats after long-term treatment with madder root, Rubia tinctorum L. Carcinogenesis. 1998 Dec;19(12):2163-8.",,,,,,1.6±0.1 g/cm3,1.746,,"Lucidin (NSC 30546)是茜草中的天然成分,能诱导细菌和哺乳动物细胞的突变。",,,,,,585.0±29.0 °C at 760 mmHg,,330ºC,,,,信号通路>>其他>>其他研究领域>>癌症天然产物>>其他,,,,,270.052826,,更多,"1,3-dihydroxy-2-(hydroxymethyl)anthracene-9,10-dione",478-08-0,0.0±1.7 mmHg at 25°C,,,,,321.6±20.8 °C,,
,,,,,,,,,,,,,,,3.71,80.92000,UX1750000,"2907299090 polyphenols; phenol-alcohols。supervision conditions:AB(certificate of inspection for goods inward,certificate of inspection for goods outward)。VAT:17.0%。tax rebate rate:9.0%。MFN tariff:5.5%。general tariff:30.0%",3,0,2,dust mask type N95 (US);Eyeshields;Gloves,"正二氢愈创酸|双(3,4-二羟基)-2,3-二甲基丁烷|4,4'-(2,3-二甲-1,4-丁二基)雙(1,2-苯二酚)|4,4'-(2,3-二甲基四亚甲基)二邻苯二酚|降二氢愈创木酸|4,4'-(2,3-二甲-1,4-丁二基)双(1,2-苯二酚)",去甲二氢愈创木酸,"2907299090 其他多元酚，酚醇。监管条件:AB(入境货物通关单,出境货物通关单)。增值税率:17.0%。退税率:9.0%。最惠国关税:5.5%。普通关税:30.0%",171,"与对照ob/ob食物组相比,在高剂量去甲二氢愈创木酸(NDGA)饮食组中从9周处理开始,并且在低剂量组中从12周开始,体重显着降低。 Nordihydhyduauaiaretic acid治疗导致ob/ob小鼠的体温(直肠)温度升高,尤其是高剂量的Nordihydroguaiaretic acid [3]。","天然的二儿茶酚二氢愈创木酸(NDGA)是来自杂酚油植物(Larrea tridentata：Zygophyllaceae)的选择性5LOX抑制剂。抑制5LOX的天然二儿茶酚去甲二氢愈创木酸是TNFα刺激的小胶质细胞激活的非常有效的无毒拮抗剂。 Nordihydhydroguaiaretic acid的体外效力约为米诺环素的6倍,IC50值为8±3μM,100μM时无毒性。在800nM的去甲二氢愈创木酸中观察到显着的NO 2 -抑制。对于天然和合成的去甲二氢愈创木酸以及去甲二氢愈创木酸的乙酰酯,观察到类似的功效。 Nordihydhydroguaiaretic acid还抑制TNFα刺激的EOC-20细胞产生PGE2,IC50为841 nM [1]。为了测试前列腺素E1和去甲二氢愈创木酸(NDGA)对癌细胞系的增殖作用,HepG2细胞系用各种方法治疗。通过MTT测定检查两种化合物和阳性化合物8-苯胺基-1-萘磺酸盐(ANS)的剂量,持续24小时和细胞活力。 ANS显示剂量依赖性抑制(0,10,30,50,100,100,120和150μM),估计的IC 50为25.888μM。在0,30,60,80,100,120和140μM的不同浓度下,前列腺素E1的测试IC50分别为41.223μM和去甲二氢愈创木酸为45.646μM[2]。",Warning,-20°C密封保存，放置在通风，干燥的环境中,1,C18H22O4,1、 摩尔折射率： 86.262、 摩尔体积（m3/mol）：243.43、 等张比容（90.2K）：669.94、 表面张力（dyne/cm）：57.35、 极化率（10-24cm3）：34.19,302.365,小鼠[3]使用7周龄雄性对照C57BL / 6J小鼠，雄性瘦蛋白缺陷型（ob / ob）小鼠和雄性Pparα缺陷型突变小鼠（B6.129S4-Pparatm1Gonz / J）。给这些小鼠喂食标准食物饲料1周，使它们适应受控的新环境（25±2℃，55±5％相对湿度，12小时光暗循环）。随后，将一组ob / ob小鼠改为补充低 - （0.83g / kg食物饮食）或高剂量（2.5g / kg食物饮食）去甲二氢愈创木酸的食物，并在该饮食中维持16周。其他组的ob / ob小鼠和对照小鼠继续喂食正常的饲料，持续16周。在另一组研究中，C57BL / 6J小鼠和Pparα缺陷型突变小鼠喂食高脂肪饮食（约占总热量的60％来自脂肪），或同样的高脂肪饮食补充高剂量的Nordihydroguauaretic酸（2.5克/千克饮食）。在整个实验过程中每周测量一次食物摄取和体重。,,H302-H315-H319-H335,Xn:Harmful;,NONH for all modes of transport,,"[1].West M, et al. The arachidonic acid 5-lipoxygenase inhibitor Nordihydroguaiaretic acid inhibits tumor necrosis factor alpha activation of microglia and extends survival of G93A-SOD1 transgenic mice. J Neurochem. 2004 Oct;91(1):133-43.[2].Lu F, et al. Virtual Screening for Potential Allosteric Inhibitors of Cyclin-Dependent Kinase 2 from Traditional Chinese Medicine. Molecules. 2016 Sep 21;21(9). pii: E1259.[3].Zhang H, et al. Nordihydroguaiaretic acid improves metabolic dysregulation and aberrant hepatic lipid metabolism in mice by both PPARα-dependent and -independent pathways. Am J Physiol Gastrointest Liver Physiol. 2013 Jan 1;304(1):G72-86.",5,0,303,白色至灰白色粉末,S26-S37/39,1.2±0.1 g/cm3,1.627,80.9,Nordihydroguaiaretic acid 是一种 5-脂氧合酶 (5LOX) (IC50=8±3 μM) 和酪氨酸激酶抑制剂。,"1. 性状：白色至灰白色结晶性粉末2. 密度（g/ m3,25/4℃）：未确定3. 相对蒸汽密度（g/cm3,空气=1）：未确定4. 熔点（ºC）：183-1855. 沸点（ºC,常压）：未确定6. 沸点（ºC,5.2kPa）：未确定7. 折射率：未确定8. 闪点（ºF）：未确定9. 比旋光度（º）：未确定10. 自燃点或引燃温度（ºC）：未确定11. 蒸气压（kPa,25ºC）：未确定12. 饱和蒸气压（kPa,60ºC）：未确定13. 燃烧热（KJ/mol）：未确定14. 临界温度（ºC）：未确定15. 临界压力（KPa）：未确定16. 油水（辛醇/水）分配系数的对数值：未确定17. 爆炸上限（%,V/V）：未确定18. 爆炸下限（%,V/V）：未确定19. 溶解性：难溶于水",R.进口食品卫生监督检验 S.出口食品卫生监督检验 M.进口商品检验 N.出口商品检验,4,4,slightly soluble,526.5±45.0 °C at 760 mmHg,2907299090,184-189ºC,"品名, 成分含量, 用途",4.3,A.入境货物通关单 B.出境货物通关单,信号通路>>代谢酶/蛋白酶>>5脂氧合酶信号通路>>自噬>>自噬研究领域>>癌症研究领域>>神经疾病天然产物>>苯丙酸类,0,0,按规格使用和贮存，不会发生分解，避免与氧化物接触,GHS07,302.151794,"MTT测定用于测量HepG2细胞系中所选择的最有希望的化合物的细胞生长抑制活性。将细胞以1×10 4个细胞/孔在96孔培养板中培养。在37℃，5％CO 2气氛中培养24小时后，将细胞粘附并用不同浓度的目标化合物（例如，去甲二氢愈创木酸，0,30,60,80,100,120和140μM）处理。并孵育24小时。然后，弃去上清液并向每个孔中加入MTT（0.5mg / mL）并在37℃，5％CO 2中再孵育4小时。然后，除去MTT并加入150μL甲硫酸的DMSO终止反应，然后将板在低速下放置在台式振荡器中5分钟。通过使用ELISA Plate Reader测量570nm处的吸光度来评估细胞增殖。 IC50值由SPSS统计17.0 [2]计算。",更多,nordihydroguaiaretic acid,500-38-9,0.0±1.4 mmHg at 25°C,0,P261-P305 + P351 + P338,1、 疏水参数计算参考值（XlogP）：4.32、 氢键供体数量：43、 氢键受体数量：44、 可旋转化学键数量：55、 互变异构体数量：1716、 拓扑分子极性表面积（TPSA）：80.97、 重原子数量：228、 表面电荷：09、 复杂度：30310、 同位素原子数量：011、 确定原子立构中心数量：012、 不确定原子立构中心数量：213、 确定化学键立构中心数量：014、 不确定化学键立构中心数量：015、 共价键单元数量：1,22,247.8±23.3 °C,IC50: 8±3 μM (5LOX)[1],R22;R36/37/38
无,0,0,1,0,0,1,3,6,4,无,,11,0,227,-2.26,126.07000,EK7713877,"HS:2922499990 other amino-acids, other than those containing more than one kind of oxygen function, and their esters; salts thereof VAT:17.0% Tax rebate rate:9.0% Supervision conditions:AB(certificate of inspection for goods inward,certificate of inspection for goods outward) MFN tariff:6.5% General tariff:30.0%",,,,,DL-磺基丁氨酸|DL-2-氨基-4-磺基丁酸|磺基高丙氨酸|DL-同磺丙氨酸,DL-高磺基丙氨酸,"2922499990 其他氨基酸及其酯及它们的盐（含有一种以上含氧基的除外）. 增值税率:17.0% 退税率:9.0% 监管条件:AB(入境货物通关单,出境货物通关单) 最惠国关税:6.5% 普通关税:30.0%",,,"氨基酸和氨基酸衍生物已被商业化用作能量补充剂。它们影响合成代谢激素的分泌、运动期间的燃料供应、压力相关任务期间的精神表现,并防止运动引起的肌肉损伤。它们被认为是有益的能生膳食物质[1]。",,密封保存，放置在通风，干燥的环境中,,C4H9NO5S,1、 摩尔折射率：36.162、 摩尔体积（m3/mol）：111.73、 等张比容（90.2K）：339.44、 表面张力（dyne/cm）：85.05、 极化率（10-24cm3）：14.33,183.183,,,,,NONH for all modes of transport,,"[1].Luckose F, et al. Effects of amino acid derivatives on physical, mental, and physiological activities. Crit Rev Food Sci Nutr. 2015;55(13):1793-1100.",,,,白色结晶粉末,S24/25,1.6±0.1 g/cm3,1.560,,2-氨基-4-磺酸是丙氨酸衍生物[1]。,"1. 性状：未确定2. 密度（g/ cm3,25/4℃）：未确定3. 相对蒸汽密度（g/cm3,空气=1）：未确定4. 熔点（ºC）：2735. 沸点（ºC,常压）：未确定6. 沸点（ºC,5.2kPa）：未确定7. 折射率：未确定8. 闪点（ºF）：未确定9. 比旋光度（º）：未确定10. 自燃点或引燃温度（ºC）：未确定11. 蒸气压（kPa,25ºC）：未确定12. 饱和蒸气压（kPa,60ºC）：未确定13. 燃烧热（KJ/mol）：未确定14. 临界温度（ºC）：未确定15. 临界压力（KPa）：未确定16. 油水（辛醇/水）分配系数的对数值：未确定17. 爆炸上限（%,V/V）：未确定18. 爆炸下限（%,V/V）：未确定19. 溶解性：未确定",P.进境动植物、动植物产品检疫 Q.出境动植物、动植物产品检疫 R.进口食品卫生监督检验 S.出口食品卫生监督检验 M.进口商品检验 N.出口商品检验,,,,,2922499990,273 °C,"品名, 成分含量, 用途, 乙醇胺及其盐应报明色度, 乙醇胺及其盐应报明包装",,A.入境货物通关单 B.出境货物通关单,研究领域>>其他信号通路>>其他>>其他,,,按规格使用和贮存，不会发生分解，避免与氧化物接触,,183.020142,,更多,dl-homocysteic acid,504-33-6,,,,1.疏水参数计算参考值（XlogP）:无2.氢键供体数量:33.氢键受体数量:64.可旋转化学键数量:45.互变异构体数量:无6.拓扑分子极性表面积1267.重原子数量:118.表面电荷:09.复杂度:22710.同位素原子数量:011.确定原子立构中心数量:012.不确定原子立构中心数量:113.确定化学键立构中心数量:014.不确定化学键立构中心数量:015.共价键单元数量:1,,,,36/37/38
9.6,0,0,2,0,0,1,0,0,13,无,,20,0,249,7.16770,,,,,,,,,新植二烯,,,"新植二烯(50 mg/kg；p、 o.)显示丙氨酸转氨酶(ALT)水平呈剂量依赖性降低[1]。新植二烯(25-50 mg/kg；p、 o.)显著降低LPS(10 mg/kg)-增加的IL6和1L10水平以及心脏组织[1]。新植二烯(25-50 mg/kg；p、 o.)显著降低LPS(10 mg/kg)-增加的心脏组织PGE2mRNA表达[1]。新植二烯显著抑制LPS(10mg/kg)诱导的NO生成和炎性细胞因子TNF-α, IL-6和IL-10以及IL-10在体内的作用[1]。动物模型：成年雄性Sprague-Dawley大鼠(6-8周)[1]剂量：12mg/kg、25mg/kg、50mg/kg给药：口服,每日,连续7天。结果：血红蛋白(HGB)、丙氨酸转氨酶(ALT)和心肌组织肿瘤坏死因子(TNF)水平下降-α, 白细胞介素1β, 纳法-κB、 LPS(10mg/kg)治疗大鼠的iNOS、PI3k/akt和mapk。","新植二烯对RAW 264.7细胞具有细胞毒性,IC50为50μM[1]。新植二烯(50-100μ米；30分钟)成功抑制LPS(1)中NO产生水平和诱导型一氧化氮合酶(iNOS)产生下调μg/mL)诱导的RAW264.7细胞[1]。新植二烯(25-100μ米；22小时)显著抑制NO产生和炎性细胞因子TNF-α, LPS中IL-6、IL-10和IL-10(1)μg/mL)诱导的RAW264.7细胞[1]。",,20°C,,C20H38,,278.51600,,,,,,,"[1].Meenakshi Bhardwaj, et al. Neophytadiene from Turbinaria ornata Suppresses LPS-Induced Inflammatory Response in RAW 264.7 Macrophages and Sprague Dawley Rats. Inflammation. 2020 Jun;43(3):937-950.",,,,,,0.796g/cm3,1.449,,"Neophytadiene 是一种二萜,能从 Turbinaria ornate 中提取到,具有抗炎、抗氧化和心脏保护作用。",1. 沸点（ºC）：128(66.65pa)2.相对密度(d204)：0.8019,,,,,344.5ºC at 760mmHg,,,,,,研究领域>>心血管疾病信号通路>>其他>>其他研究领域>>炎症/免疫,,,1. 存在于烟叶、烟气中。,,278.29700,,更多,"7,11,15-trimethyl-3-methylidenehexadec-1-ene",504-96-1,,,,1.疏水参数计算参考值（XlogP）:9.62.氢键供体数量:03.氢键受体数量:04.可旋转化学键数量:135.互变异构体数量:无6.拓扑分子极性表面积07.重原子数量:208.表面电荷:09.复杂度:24910.同位素原子数量:011.确定原子立构中心数量:012.不确定原子立构中心数量:213.确定化学键立构中心数量:014.不确定化学键立构中心数量:015.共价键单元数量:1,,160.2ºC,,
无,0,0,0,0,0,1,2,3,11,无,57.5,15,0,146,2.96430,57.53000,,"2918199090 other carboxylic acids with alcohol function but without other oxygen function, their anhydrides, halides, peroxides, peroxyacids and their derivatives。Supervision conditions:None。VAT:17.0%。Tax rebate rate:9.0%。MFN tariff:6.5%。General tariff:30.0%",,,,Eyeshields;Gloves;type N95 (US);type P1 (EN143) respirator filter,端羟基十二酸|12-羟基月桂酸|端羟基12酸,12-羟基十二酸,HS: 2918199090. 其他含醇基但不含其他含氧基羧酸（包括其酸酐、酰卤化物、过氧化物和过氧酸及该税号的衍生物）. 增值税率:17.0%. 退税率:9.0%. 监管条件:无. 最惠国关税:6.5%. 普通关税:30.0%,,,,,室温，干燥,,C12H24O3,,216.31700,,,,,NONH for all modes of transport,,,,,,白色至灰白色粉末,22-24/25,0.988g/cm3,1.467,,,,,,,,359.2ºC at 760 mmHg,2918199090,85-88ºC(lit.),"品名, 成分含量, 用途",,,,,,,,216.17300,,更多,12-Hydroxydodecanoic acid,505-95-3,,,,1.疏水参数计算参考值（XlogP）:无2.氢键供体数量:23.氢键受体数量:34.可旋转化学键数量:115.互变异构体数量:无6.拓扑分子极性表面积:57.57.重原子数量:158.表面电荷:09.复杂度:14610.同位素原子数量:011.确定原子立构中心数量:012.不确定原子立构中心数量:013.确定化学键立构中心数量:014.不确定化学键立构中心数量:015.共价键单元数量:1,,185.2ºC,,
无,0,0,0,0,0,1,1,1,22,无,,25,0,214,11.50,20.23000,,2905199090. saturated monohydric alcohols. VAT:17.0%. Tax rebate rate:13.0%. . MFN tariff:5.5%. General tariff:30.0%,-,,,Eyeshields;Gloves;type N95 (US);type P1 (EN143) respirator filter,二十四醇|1-二十四醇|木蜡醇,二十四烷醇,2905199090. 其他饱和一元醇. 增值税率:17.0%. 退税率:13.0%. 监管条件:无. 最惠国关税:5.5%. 普通关税:30.0%,,,,,密封保存，放置在通风，干燥的环境中,,C24H50O,1、 摩尔折射率：114.772、 摩尔体积（cm3/mol）：422.23、 等张比容（90.2K）：1003.74、 表面张力（dyne/cm）：31.95、 极化率（10-24cm3）：45.49,354.653,,,,,NONH for all modes of transport,,,,,,固体;White to Light yellow powder to crystal,S22-S24/25,0.8±0.1 g/cm3,1.456,,"木酚是一种生物化学试剂,可作为生物材料或有机化合物进行生命科学相关研究。","1. 性状：未确定2. 密度（g/ cm3,25/4℃）：0.8393. 相对蒸汽密度（g/cm3,空气=1）：未确定4. 熔点（ºC）：75-775. 沸点（ºC,常压）：210(53.32pa)6. 沸点（ºC,8kPa）：未确定7. 折射率：未确定8. 闪点（ºC）：141.79. 比旋光度（º）：未确定10. 自燃点或引燃温度（ºC）：未确定11. 蒸气压（kPa,25ºC）：未确定12. 饱和蒸气压（kPa,60ºC）：未确定13. 燃烧热（KJ/mol）：未确定14. 临界温度（ºC）：未确定15. 临界压力（KPa）：未确定16. 油水（辛醇/水）分配系数的对数值：未确定17. 爆炸上限（%,V/V）：未确定18. 爆炸下限（%,V/V）：未确定19. 溶解性：未确定",,,,水溶性：不溶,394.5±5.0 °C at 760 mmHg,2905199090,75-77 °C,"品名, 成分含量, 用途, 包装",,,研究领域>>其他,,,1.按规格使用和贮存，不会发生分解，避免与氧化物接触.2.存在于烟叶、烟气中。,,354.386169,,更多,tetracosan-1-ol,506-51-4,0.0±2.1 mmHg at 25°C,,,1.疏水参数计算参考值（XlogP）:无2.氢键供体数量:13.氢键受体数量:14.可旋转化学键数量:225.互变异构体数量:无6.拓扑分子极性表面积20.27.重原子数量:258.表面电荷:09.复杂度:21410.同位素原子数量:011.确定原子立构中心数量:012.不确定原子立构中心数量:013.确定化学键立构中心数量:014.不确定化学键立构中心数量:015.共价键单元数量:1,,141.7±5.2 °C,,
,,,,,,,,,,,,,,,5.47,66.76000,,"2918990090. other carboxylic acids with additional oxygen function and their anhydrides, halides, peroxides and peroxyacids; their halogenated, sulphonated, nitrated or nitrosated derivatives. VAT:17.0%. Tax rebate rate:13.0%. . MFN tariff:6.5%. General tariff:30.0%",3,,,,替拉曲可,替拉曲考,2918990090. 其他含其他附加含氧基羧酸（包括酸酐、酰卤化物、过氧化物和过氧酸及该税号的衍生物）. 增值税率:17.0%. 退税率:13.0%. 监管条件:无. 最惠国关税:6.5%. 普通关税:30.0%,,,,Warning,-20°C,,C14H9I3O4,,621.932,,,H302-H312-H332,Xn: Harmful;,NONH for all modes of transport,,,,,,,36,2.5±0.1 g/cm3,1.767,,"Tiratricol是甲状腺激素类似物, 已被用来抑制垂体促甲状腺激素分泌, 降低垂体外拟甲状腺素药效。",,,,,,531.6±50.0 °C at 760 mmHg,2918990090,181.5ºC,"品名, 成分含量, 用途",,,信号通路>>其他>>甲状腺激素受体研究领域>>内分泌,,,,GHS07,621.763489,,更多,"2-[4-(4-hydroxy-3-iodophenoxy)-3,5-diiodophenyl]acetic acid",51-24-1,0.0±1.5 mmHg at 25°C,,P280,,,275.3±30.1 °C,,R20/21/22
,,,,,,,,,,,,,,,,,,,,,,,,,,,,,,,,,,,,,,,,,,,,,,,,,,,,,,,,,,,,,,,,,,,,,,,51-57-0,,,,,,,,
无,0,0,0,0,0,1,2,4,0,26,,14,0,284,2.08,70.67000,GN6384500,2932209090. other lactones. VAT:17.0%. Tax rebate rate:13.0%. . MFN tariff:6.5%. General tariff:20.0%,2,,,,"6,7-二羟基-4-甲基香豆素|4-甲基七叶亭",4-甲基七叶苷原,2932209090. 其他内酯. 增值税率:17.0%. 退税率:13.0%. 监管条件:无. 最惠国关税:6.5%. 普通关税:20.0%,,,,,储存于阴凉、干燥、通风良好的库房。远离火种、热源。防止阳光直射。包装密封。应与酸类、食用化学品分开存放，切忌混储。储区应备有合适的材料收容泄漏物。,,C10H8O4,1、 摩尔折射率：48.232、 摩尔体积（m3/mol）：131.93、 等张比容（90.2K）：372.44、 表面张力（dyne/cm）：63.45、 极化率（10-24cm3）：19.12,192.168,,,,Xi: Irritant;,,,"[1].Witaicenis A, et al. 4-methylesculetin, a coumarin derivative, ameliorates dextran sulfate sodium-induced intestinal inflammation. Chem Biol Interact. 2018 Jan 25;280:59-63.",,,,黄色针状晶体,S26-S36,1.5±0.1 g/cm3,1.652,,"4-Methylesculetin 是一种可口服的天然香豆素衍生物,具有有效的抗氧化、抗炎活性。4-Methylesculetin 可抑制 myeloperoxidase 的活性,降低 IL-6 的水平","1. 性状：黄色针状结晶2. 密度（g/ cm3,25/4℃）：未确定3. 相对蒸汽密度（g/cm3,空气=1）：未确定4. 熔点（ºC）：272-2745. 沸点（ºC,常压）：未确定6. 沸点（ºC,8kPa）：未确定7. 折射率：未确定8. 闪点（ºC）：未确定9. 比旋光度（º）：未确定10. 自燃点或引燃温度（ºC）：未确定11. 蒸气压（kPa,25ºC）：未确定12. 饱和蒸气压（kPa,55.1ºC）：未确定13. 燃烧热（KJ/mol）：未确定14. 临界温度（ºC）：未确定15. 临界压力（KPa）：未确定16. 油水（辛醇/水）分配系数的对数值：未确定17. 爆炸上限（%,V/V）：未确定18. 爆炸下限（%,V/V）：未确定19. 溶解性：溶于热水、醇、乙酸、浓硫酸和稀碱",,,,DMF: soluble,455.5±45.0 °C at 760 mmHg,2932209090,274-276 °C(lit.),"品名, 成分含量, 用途",,,研究领域>>炎症/免疫,,,按规格使用和贮存，不会发生分解，避免与氧化物接触,,192.042252,,更多,4-methylesculetin,529-84-0,0.0±1.2 mmHg at 25°C,,,1.疏水参数计算参考值（XlogP）:无2.氢键供体数量:23.氢键受体数量:44.可旋转化学键数量:05.互变异构体数量:266.拓扑分子极性表面积66.87.重原子数量:148.表面电荷:09.复杂度:28410.同位素原子数量:011.确定原子立构中心数量:012.不确定原子立构中心数量:013.确定化学键立构中心数量:014.不确定化学键立构中心数量:015.共价键单元数量:1,,190.8±22.2 °C,,R36/37/38
4.1,0,0,0,0,0,1,1,3,4,3,35.6,26,0,524,3.63880,41.03000,,2933990090. heterocyclic compounds with nitrogen hetero-atom(s) only. VAT:17.0%. Tax rebate rate:13.0%. . MFN tariff:6.5%. General tariff:20.0%,,,,,,苄哌立隆,2933990090. 其他仅含氮杂原子的杂环化合物. 增值税率:17.0%. 退税率:13.0%. 监管条件:无. 最惠国关税:6.5%. 普通关税:20.0%,,,,,通风低温干燥,,C22H25N3O,,347.45300,,,,,,,,,,,,,1.176g/cm3,1.618,,,,,,,,500.5ºC at 760 mmHg,2933990090,,"品名, 成分含量, 用途, 乌洛托品请注明外观, 6－己内酰胺请注明外观, 签约日期",,,,,,,,347.20000,,更多,Benzpiperilone,53-89-4,,,,1.疏水参数计算参考值（XlogP）:4.12.氢键供体数量:13.氢键受体数量:34.可旋转化学键数量:45.互变异构体数量:36.拓扑分子极性表面积:35.67.重原子数量:268.表面电荷:09.复杂度:52410.同位素原子数量:011.确定原子立构中心数量:012.不确定原子立构中心数量:013.确定化学键立构中心数量:014.不确定化学键立构中心数量:015.共价键单元数量:1,,256.5ºC,,
,,,,,,,,,,,,,,,1.14510,63.32000,,,,,,,,2-胺-4-氧亚砷苯酚盐酸盐,,,,,,"通风低温干燥,与库房食品原料分开存放",,C6H8AsClNO2,,236.50800,,,,,,,,,,,,,,,,,,,,,,,,,,,,,,,,,235.94600,,更多,"2-amino-4-arsorosophenol,hydrochloride",538-03-4,,,,,,,,
,,,,,,,,,,,,,,,0.09090,37.30000,AF4550000,"2915299090 salts of acetic acid。supervision conditions:AB(certificate of inspection for goods inward,certificate of inspection for goods outward)。VAT:17.0%。tax rebate rate:9.0%。MFN tariff:5.5%。general tariff:50.0%",1,0,0,dust mask type N95 (US);Eyeshields;Gloves,醋酸钡,乙酸钡,"HS: 2915299090 其他乙酸盐 退税率:9.0% 监管条件:AB(入境货物通关单,出境货物通关单) 增值税率:17.0% 最惠国关税:5.5% 普通关税:50.0%",,,,Warning,本品应密封保存。,3,C2H4BaO2++,,255.415,,III,H302 + H332,Xn:Harmful,UN 1564,6.1,,0,0,25.5,白色固体,S28,2.46,,80.3,,"1. 性状：无色或白色结晶粉末。在110℃时失去水分。2. 密度（g/mL,25/4℃）：2.473. 相对蒸汽密度（g/mL,空气=1）：未确定4. 熔点（ºC）：未确定5. 沸点（ºC,常压）：未确定6. 沸点（ºC,5.2kPa）：未确定7. 折射率：未确定8. 闪点（ºC）：未确定9. 比旋光度（º）：未确定10. 自燃点或引燃温度（ºC）：未确定11. 蒸气压（kPa,25ºC）：未确定12. 饱和蒸气压（kPa,60ºC）：未确定13. 燃烧热（KJ/mol）：未确定14. 临界温度（ºC）：未确定15. 临界压力（KPa）：未确定16. 油水（辛醇/水）分配系数的对数值：未确定17. 爆炸上限（%,V/V）：未确定18. 爆炸下限（%,V/V）：未确定19. 溶解性：溶于水，微溶于乙醇，1g产品溶于1.5ml水和700ml乙醇中，水溶液对石蕊呈中性或微酸性反应。",R.进口食品卫生监督检验 S.出口食品卫生监督检验 M.进口商品检验 N.出口商品检验,0,4,soluble | 不同温度(℃)时每100毫升水中的溶解克数: 58.8g/0℃;62g/10℃;72g/20℃;75g/30℃;78.5g/40℃ 75g/60℃;74g/80℃;74.8g/100℃,117.1ºC at 760 mmHg,2915299090,450ºC,"品名, 成分含量, 用途",,A.入境货物通关单 B.出境货物通关单,,0,0,1.按规格使用和贮存，不会发生分解，避免与氧化物接触.2.易溶于水，不溶于乙醇。醋酸钡用水重结晶时，温度在24.7℃以下时析出晶体为三水合物。在24.7～41℃时析出晶体为一水合物。在41℃以上析出晶体为无水物。在0℃时，100g水可溶解醋酸钡59g。24.1℃时，100g水中可溶解醋酸钡78.1g。100℃时，100g水中可溶解醋酸钡75g。用作有机反应例如烯烃聚合催化剂。,GHS07,255.931854,,更多,Barium Acetate,543-80-6,,0,P261-P301 + P312 + P330,1、 疏水参数计算参考值（XlogP）：2、 氢键供体数量：03、 氢键受体数量：44、 可旋转化学键数量：05、 互变异构体数量：6、 拓扑分子极性表面积（TPSA）：80.37、 重原子数量：98、 表面电荷：09、 复杂度：25.510、 同位素原子数量：011、 确定原子立构中心数量：012、 不确定原子立构中心数量：013、 确定化学键立构中心数量：014、 不确定化学键立构中心数量：015、 共价键单元数量：3,9,40ºC,,R20/22
无,0,0,0,0,0,2,0,3,4,无,,29,0,542,1.46360,9.49000,BO9000000,,3,,,Eyeshields;Faceshields;full-face respirator (US);Gloves;multi-purpose combination respirator cartridge (US);type ABEK (EN14387) respirator filter,甲基青莲|甲紫|碱性青莲|甲基紫10B|碱性紫3|六甲基玫苯胺盐酸盐|甲基紫|盐基紫3|龙胆紫|六甲副蔷薇苯胺氯化物|六甲基紫,结晶紫,,,,,Warning,1.储存于阴凉、通风的库房。远离火种、热源。2.防止阳光直射。包装密封。应与氧化剂、食用化学品分开存放，切忌混储。3.配备相应品种和数量的消防器材。储区应备有合适的材料收容泄漏物。,,C25H30ClN3,,407.979,,III,H226-H319-H351-H411,T:Toxic,UN 3077,9,"[1].Beveridge, T.J. and S. Schultze-Lam, The response of selected members of the archaea to the gram stain. Microbiology, 1996. 142 ( Pt 10): p. 2887-95.[2].Coico, R., Gram staining. Curr Protoc Microbiol, 2005. Appendix 3: p. Appendix 3C.[3].Bil, J., et al., Statins potentiate cytostatic/cytotoxic activity of sorafenib but not sunitinib against tumor cell lines in vitro. Cancer Lett, 2010. 288(1): p. 57-67.",,,,暗绿色粉末或晶体,S45-S53-S60-S61,1.19 g/cm3 (20ºC),,,结晶紫是革兰氏染色染料。,"1. 性状：具有金属光泽的暗绿色闪光粉末或粒子。2. 密度（g/mL,25℃）：3. 相对蒸汽密度（g/mL,空气=1）：4. 熔点（ºC）：2055. 沸点（ºC,）：6. 沸点（ºC,）：7. 折射率：8. 闪点（ºC）：409. 比旋光度（º）：10. 自燃点或引燃温度（ºC）：11. 蒸气压（kPa,25ºC）：12. 饱和蒸气压（kPa,60ºC）：13. 燃烧热（KJ/mol）：14. 临界温度（ºC）：15. 临界压力（KPa）：16. 油水（辛醇/水）分配系数的对数值：17. 爆炸上限（%,V/V）：18. 爆炸下限（%,V/V）：19. 溶解性：溶于冷水和热水，极易溶于乙醇和三氯甲烷。不溶于乙醚。",,,,,,32041300,215ºC,,,,信号通路>>其他>>其他染料试剂研究领域>>其他,,,1.正确操作不会分解，避免氧化物，暗绿色闪光粉末或粒子。溶于冷水和热水，呈紫色，极易溶于乙醇。于浓硫酸中呈红黄色，稀释后呈暗绿光黄色，然后转变成蓝和紫色。染棉纤维日晒牢度为 1-2 级，染腈纶纤维日晒牢度为 2-3 级。2.浓酸中呈黄色，当ph值增大时其颜色变化是黄→绿→蓝→紫。与Sn4+Ti3+Au3+和Sb3+的卤络阴离子及MoO4-2ReO4-等形成缔合物，能被苯、甲苯等有机溶剂萃取。在溴蒸气存在下，试剂与类脂质产生蓝色物质（ 黄色背景） 。,"GHS02, GHS07, GHS08, GHS09",407.212830,,更多,crystal violet,548-62-9,,,P273-P281-P305 + P351 + P338,1.疏水参数计算参考值（XlogP）:无2.氢键供体数量:03.氢键受体数量:34.可旋转化学键数量:45.互变异构体数量:无6.拓扑分子极性表面积9.57.重原子数量:298.表面电荷:09.复杂度:54210.同位素原子数量:011.确定原子立构中心数量:012.不确定原子立构中心数量:013.确定化学键立构中心数量:014.不确定化学键立构中心数量:015.共价键单元数量:2,,40ºC,,R22;R41;R45;R50/53
,,,,,,,,,,,,,,,1.67,54.37000,,,,,,Eyeshields;Gloves;type N95 (US);type P1 (EN143) respirator filter,11-酮睾酮,11 -酮睾酮,,,,,,-20°C，密闭，干燥,,C19H26O3,,302.408,,,,,NONH for all modes of transport,,,,,,,,1.2±0.1 g/cm3,1.569,,,,,,,,476.8±45.0 °C at 760 mmHg,,,,,,,,,,,302.188202,,更多,"(8S,9S,10R,13S,14S,17S)-17-hydroxy-10,13-dimethyl-2,6,7,8,9,12,14,15,16,17-decahydro-1H-cyclopenta[a]phenanthrene-3,11-dione",564-35-2,0.0±2.7 mmHg at 25°C,,,,,256.3±25.2 °C,,
,,,,,,,,,,,,,,,1.35,37.30000,,"2916190090 unsaturated acyclic monocarboxylic acids, their anhydrides, halides, peroxides, peroxyacids and their derivatives。supervision conditions:AB(certificate of inspection for goods inward,certificate of inspection for goods outward)。VAT:17.0%。tax rebate rate:9.0%。MFN tariff:6.5%。general tariff:30.0%",,0,0,,(Z)-2-甲基-2-丁烯酸|2-甲基异巴豆酸|当归酸,白芷酸,"2916190090 其他不饱和无环一元羧酸（包括其酸酐、酰卤化物，过氧化物和过氧酸以及它们的衍生物）。监管条件:AB(入境货物通关单,出境货物通关单)。增值税率:17.0%。退税率:9.0%。最惠国关税:6.5%。普通关税:30.0%",,,,,本品应密封于干燥避光处保存。,1,C5H8O2,五、分子性质数据：1、 摩尔折射率：26.672、 摩尔体积（m3/mol）：99.13、 等张比容（90.2K）：236.24、 表面张力（dyne/cm）：32.25、 极化率（10-24cm3）：10.57,100.116,,II,,,UN 3261,8,"[1].Jung-Eun Ku. Photodamage attenuation effect by angelic acid in UVA irradiation-induced damages in normal human dermal fibroblast. Biomedical Dermatologyvolume 2, Article number: 8 (2018).",1,0,103,淡黄色结晶固体,26-36/37/39,1.0±0.1 g/cm3,1.451,37.3,"Angelic Acid 是一种存在于 Anthemis nobilis 精油中的物质,它以酯的形式存在。Angelic Acid 有助于伤口愈合,具有镇静和精神药物的特性。","1. 性状：无色单斜、棒状、针状或片状结晶。有香辣气味。能升华，能随水蒸气挥发。2. 密度（g/mL,25/4℃）：0.9833. 相对蒸汽密度（g/mL,空气=1）：未确定4. 熔点（ºC）：455. 沸点（ºC,常压）：1856. 沸点（ºC,5.2kPa）：未确定7. 折射率：1.44348. 闪点（ºC）：未确定9. 比旋光度（º）：未确定10. 自燃点或引燃温度（ºC）：未确定11. 蒸气压（kPa,25ºC）：未确定12. 饱和蒸气压（kPa,60ºC）：未确定13. 燃烧热（KJ/mol）：未确定14. 临界温度（ºC）：未确定15. 临界压力（KPa）：未确定16. 油水（辛醇/水）分配系数的对数值：未确定17. 爆炸上限（%,V/V）：未确定18. 爆炸下限（%,V/V）：未确定19. 溶解性：易溶于热水，溶于乙醇和乙醚，微溶于冷水。其水溶液长时间煮沸可引起异构化而成惕各酸（Tigic acid），在痕量溴存在和阳光下，或强酸、强碱存在下，反应速度加快。",R.进口食品卫生监督检验 S.出口食品卫生监督检验 M.进口商品检验 N.出口商品检验,1,2,,198.5±0.0 °C at 760 mmHg,2916190090,44ºC,"品名, 成分含量, 用途, 丙烯酸、丙烯酸盐或酯应报明包装",1,A.入境货物通关单 B.出境货物通关单,信号通路>>其他>>其他研究领域>>神经疾病,1,0,,,100.052429,,更多,angelic acid,565-63-9,0.2±0.7 mmHg at 25°C,0,,1、 疏水参数计算参考值（XlogP）：12、 氢键供体数量：13、 氢键受体数量：24、 可旋转化学键数量：15、 拓扑分子极性表面积（TPSA）：37.36、 重原子数量：77、 表面电荷：08、 复杂度：1039、 同位素原子数量：010、 确定原子立构中心数量：011、 不确定原子立构中心数量：012、 确定化学键立构中心数量：113、 不确定化学键立构中心数量：014、 共价键单元数量：1,7,95.9±9.6 °C,,R34
,,,,,,,,,,,,,,,,,,,,,,,,,,,,,,,,,,,,,,,,,,,,,,,,,,,,,,,,,,,,,,,,,,,,,,,579-58-8,,,,,,,,
,,,,,,,,,,,,,,,0.93,160.88000,AU7355000,,3,,,Eyeshields;Faceshields;Gloves;half-mask respirator (US);multi-purpose combination respirator cartridge (US),嘌呤霉素二盐酸盐|二氢氯化嘌呤毒素,嘌呤霉素盐酸盐,,,,"嘌呤霉素在氨酰基-sRNA形成后阻断蛋白质合成,同时它导致小肽的积累。这两种效应似乎都是由于核糖体结合的肽基-sRNA的分裂,导致不完整肽链的释放[1]。嘌呤霉素是氨酰基-tRNA的3'末端的类似物,通过与生长的多肽链非特异性连接而导致翻译过早终止。嘌呤霉素具有两种抑制作用模式。第一种是通过作为受体底物,其攻击P位点中的肽基-tRNA以形成新生肽。第二种是通过与氨酰基-tRNA竞争结合A'位点[2]。当以最小量使用时,嘌呤霉素掺入新合成的蛋白质直接反映体外mRNA翻译的速率。嘌呤霉素免疫检测是放射性氨基酸标记的有利替代方案。它允许通过免疫荧光显微镜直接评估单细胞中的翻译活性,并通过荧光激活细胞分选直接评估异质细胞群[3]。",Warning,本品应充氩气密封于0℃以下干燥避光保存。,,C22H31Cl2N7O5,五、分子性质数据：1、 摩尔折射率：120.56,544.43,,III,H302,Xn,UN 3249,6.1(b),"[1].Nathans D, et al. Puromycin inhibition of protein synthesis: incorporation of puromycin intopeptide chains. Proc Natl Acad Sci U S A. 1964 Apr;51:585-92.[2].Miyamoto-Sato E, et al. Specific bonding of puromycin to full-length protein at the C-terminus. Nucleic Acids Res. 2000 Mar 1;28(5):1176-82.[3].Schmidt EK, et al. SUnSET, a nonradioactive method to monitor protein synthesis. Nat Methods. 2009 Apr;6(4):275-7.",,,,白色粉末,S36,1.5±0.1 g/cm3,1.701,,Puromycin dihydrochloride是嘌呤霉素的二盐酸盐。 Puromycin是一种抑制 protein synthesis 的氨基糖苷类抗生素。,"1. 性状：结晶。有吸湿性。对光敏感。2. 密度（g/mL,25/4℃）： 未确定3. 相对蒸汽密度（g/mL,空气=1）：未确定4. 熔点（ºC）：175.5～177.05. 沸点（ºC,常压）：未确定6. 沸点（ºC）：140-150℃（1.33×10-5kPa）7. 折射率：未确定8. 闪点（ºC）：未确定9. 比旋光度（º）：-1110. 自燃点或引燃温度（ºC）：未确定11. 蒸气压（kPa,25ºC）：未确定12. 饱和蒸气压（kPa,60ºC）：未确定13. 燃烧热（KJ/mol）：未确定14. 临界温度（ºC）：未确定15. 临界压力（KPa）：未确定16. 油水（辛醇/水）分配系数的对数值：未确定17. 爆炸上限（%,V/V）：未确定18. 爆炸下限（%,V/V）：未确定19. 溶解性：易溶于水。",,,,H2O: soluble50mg/mL (Sterilize stock solution by filtration using 0.22 μm filter then store in aliquots at 20 °C.) | Soluble in water,,,168-170℃,,,,信号通路>>抗感染>>细菌天然产物>>其他研究领域>>感染,,,Stable. Heat sensitive. Incompatible with strong oxidizing agents.,GHS07,,,更多,Puromycin dihydrochloride hydrate,58-58-2,,,,,,,,R22
3.1,0,0,0,2,0,1,2,4,3,3,49.2,22,0,480,2.77980,40.46000,,,,,,,黄青霉素|青黴黃素X,占托西林,,,,"Xantocillin(SD118-xanthocillin X(1))(6.9-55.56μM; 48小时)对HepG2细胞的增殖具有显着的抑制作用,IC50为22.88±4.76μM[1]。 Xantocillin(SD118-xanthocillin X(1))(24.3μM; 12-48小时)增加自噬相关基因LC3和Beclin 1的表达[1]。细胞增殖测定[1]细胞系：HepG2细胞浓度：6.9μM,13.89μM,27.78μM,55.56μM孵育时间：48小时结果：HepG2细胞对细胞生长的浓度依赖性抑制作用,IC50为22.88± 4.76μM。蛋白质印迹分析[1]细胞系：HepG2细胞浓度：24.3μM孵育时间：12小时,24小时,48小时结果：增加自噬相关基因,LC3和Beclin 1的表达。",,,,C18H12N2O2,,288.30,,,,,,,"[1].Zhao Y,et al. SD118-xanthocillin X (1), a novel marine agent extracted from Penicillium commune, induces autophagy through the inhibition of the MEK/ERK pathway. Mar Drugs. 2012 Jun;10(6):1345-59.",,,,,,,,,"Xanthocillin 是从青霉中提取的一种海洋药剂,通过抑制 MEK/ERK 途径诱导自噬。",,,,,,,,,,,,研究领域>>癌症信号通路>>MAPK/ERK信号通路>>MEK信号通路>>MAPK/ERK信号通路>>ERK信号通路>>干细胞及 Wnt 通路>>ERK,,,,,288.09000,,更多,"1,4-Di-p-oxyphenyl-2,3-di-isonitrilo-1,3-butadiene",580-74-5,,,,1.疏水参数计算参考值（XlogP）:3.12.氢键供体数量:23.氢键受体数量:44.可旋转化学键数量:35.互变异构体数量:36.拓扑分子极性表面积:49.27.重原子数量:228.表面电荷:09.复杂度:48010.同位素原子数量:011.确定原子立构中心数量:012.不确定原子立构中心数量:013.确定化学键立构中心数量:214.不确定化学键立构中心数量:015.共价键单元数量:1,,,,
,,,,,,,,,,,,,,,,,,,,,,,,,,,,,,,,,,,,,,,,,,,,,,,,,,,,,,,,,,,,,,,,,,,,,,,602-99-3,,,,,,,,
,,,,,,,,,,,,,,,2.69240,52.60000,,,,,,,,苯甲醯柳酸甲酯,,,,,,,,C15H12O4,,256.25300,,,,,,,,,,,,,1.215g/cm3,1.575,,,,,,,,385.6ºC at 760 mmHg,,,,,,,,,,,256.07400,,更多,methyl 2-benzoyloxybenzoate,610-60-6,,,,,,193.8ºC,,
,,,,,,,,,,,,,,,0.50160,97.99000,,"HS: 2918290000 other carboxylic acids with phenol function but without other oxygen function, their anhydrides, halides, peroxides, peroxyacids and their derivatives Tax rebate rate:9.0% Supervision conditions:AB(certificate of inspection for goods inward,certificate of inspection for goods outward) VAT:17.0% MFN tariff:6.5% General tariff:30.0%",,,,,,"2,4,5-三羟基苯甲酸","2918290000 其他含酚基但不含其他含氧基羧酸及其酸酐、酰卤化物、过氧化物和过氧酸及它们的衍生物。监管条件:AB(入境货物通关单,出境货物通关单)。增值税率:17.0%。退税率:9.0%。最惠国关税:6.5%。普通关税:30.0%",,,,,,,C7H6O5,,170.12000,,,,,,,,,,,,,1.749g/cm3,,,,,R.进口食品卫生监督检验 S.出口食品卫生监督检验,,,,493.3ºC at 760mmHg,2918290000,,"品名, 成分含量, 用途",,A.入境货物通关单 B.出境货物通关单,,,,,,170.02200,,更多,"2,4,5-trihydroxybenzoic acid",610-90-2,,,,,,266.3ºC,,
无,0,0,0,0,0,1,0,3,3,无,,12,0,156,1.38,35.53000,,,,,,Eyeshields;Gloves,乙酸-2-愈创木酚酯|2-愈创木酚乙酸酯|2-甲氧基乙酸苯酯|乙酸2-甲氧基苯酯|2-甲氧基苯基乙酸酯|乙酸-2-甲氧基苯酯,邻甲氧基苯乙酸酯,,,,,,贮存：将密器密封，储存密封的主藏器内，并放在阴凉， 干爽的位置。,,C9H10O3,五、分子性质数据：1、 摩尔折射率：44.272、 摩尔体积（m3/mol）：151.03、 等张比容（90.2K）：365.44、 表面张力（dyne/cm）：34.25、 极化率（10-24cm3）：17.55,166.174,,,,,NONH for all modes of transport,,,,,,,,1.1±0.1 g/cm3,1.498,,,"一、物性数据1. 沸点（ºC,常压）：122-124°C18mm Hg(lit.)2. 密度：1.129g/mLat 25°C(lit.3. 折射率：n20/D 1.514(lit.)4. 闪点（ºC）：230°F",,,,,238.6±0.0 °C at 760 mmHg,,,,,,,,,性质与稳定性：常温常压下，或不分解产物。,,166.062988,,更多,2-Methoxyphenyl Acetate,613-70-7,0.0±0.4 mmHg at 25°C,,,1.疏水参数计算参考值（XlogP）:无2.氢键供体数量:03.氢键受体数量:34.可旋转化学键数量:35.互变异构体数量:无6.拓扑分子极性表面积35.57.重原子数量:128.表面电荷:09.复杂度:15610.同位素原子数量:011.确定原子立构中心数量:012.不确定原子立构中心数量:013.确定化学键立构中心数量:014.不确定化学键立构中心数量:015.共价键单元数量:1,,78.4±14.4 °C,,
0.2,0,0,0,0,0,1,0,4,2,无,,6,0,46.8,-0.43,54.74000,WT3512000,,3,,,Eyeshields;Faceshields;full-face respirator (US);Gloves;multi-purpose combination respirator cartridge (US);type ABEK (EN14387) respirator filter,甲基亚硫酸酯,亚硫酸二甲酯,,,,,Warning,贮存：将密器密封，储存密封的主藏器内，并放在阴凉， 干爽的位置。,,C2H6O3S,五、分子性质数据：1、 摩尔折射率：23.662、 摩尔体积（m3/mol）：83.73、 等张比容（90.2K）：221.94、 表面张力（dyne/cm）：49.25、 极化率（10-24cm3）：9.38,110.132,,III,H226-H315-H319-H335,Xi:Irritant;,UN 1993 3/PG 3,3.2,,,,,透明无色液体,S26-S36-S24/25-S16,1.3±0.1 g/cm3,1.477,,,物性数据：   1.  熔点（ ℃ ）： 35-38℃,,,,soluble,126.0±0.0 °C at 760 mmHg,29209085,,,,,,,,性质与稳定性：常温常压下，或不分解产物。,"GHS02, GHS07",110.003761,,更多,dimethyl sulfite,616-42-2,14.4±0.2 mmHg at 25°C,,P261-P305 + P351 + P338,1.疏水参数计算参考值（XlogP）:0.22.氢键供体数量:03.氢键受体数量:44.可旋转化学键数量:25.互变异构体数量:无6.拓扑分子极性表面积54.77.重原子数量:68.表面电荷:09.复杂度:46.810.同位素原子数量:011.确定原子立构中心数量:012.不确定原子立构中心数量:013.确定化学键立构中心数量:014.不确定化学键立构中心数量:015.共价键单元数量:1,,41.1±0.0 °C,,R10;R36/37/38
,,,,,,,,,,,,,,,5.32,20.23000,,,,,,,"4,6-二-叔丁基-o-甲酚|2,4-二(1,1-二甲乙基)-6-甲酚","4,6-二叔丁基邻甲酚",,,,,,室温,,C15H24O,,220.350,,,,Xi,,,,,,,,,0.9±0.1 g/cm3,1.499,,,,,,,,269.0±0.0 °C at 760 mmHg,,50-52ºC,,,,,,,,,220.182709,,更多,"2,4-ditert-butyl-6-methylphenol",616-55-7,0.0±0.5 mmHg at 25°C,,,,,123.0±8.4 °C,,
,,,,,,,,,,,,,,,4.59910,17.07000,,2914399090. other aromatic ketones without other oxygen function. VAT:17.0%. Tax rebate rate:13.0%. . MFN tariff:5.5%. General tariff:30.0%,,,,,"反,反－二(4－甲基苯乙烯基)甲酮","(1E,4e)-1,5-二对甲苯-1,4-戊二烯-3-酮",2914399090. 其他不含其他含氧基的芳香酮. 增值税率:17.0%. 退税率:13.0%. 监管条件:无. 最惠国关税:5.5%. 普通关税:30.0%,,,,,,,C19H18O,,262.34600,,,,,,,,,,,,,1.068g/cm3,1.629,,,,,,,,430.4ºC at 760 mmHg,2914399090,,"品名, 成分含量, 用途, 丙酮报明包装",,,,,,,,262.13600,,更多,"(1E,4E)-1,5-Di-p-tolylpenta-1,4-dien-3-one",621-98-7,,,,,,188.6ºC,,
,,,,,,,,,,,,,,,2.14240,43.09000,,,,,,,,庚酰胺,,,,,,2-8°C,,C7H15NO,,129.20000,,,,,,,,,,,,,0.891g/cm3,1.438,,,,,,,,254ºC at 760 mmHg,,96 °C,,,,,,,,,129.11500,,更多,heptanamide,628-62-6,,,,,,110.9ºC,,
无,0,0,0,0,0,2,0,2,10,无,,15,0,138,2.65720,40.13000,OF0700000,"2915900090 other saturated acyclic monocarboxylic acids and their anhydrides, halides, peroxides and peroxyacids; their halogenated, sulphonated, nitrated or nitrosated derivatives VAT:17.0% Tax rebate rate:9.0% Supervision conditions:AB(certificate of inspection for goods inward,certificate of inspection for goods outward) MFN tariff:5.5% General tariff:30.0%",1,,,dust mask type N95 (US);Eyeshields;Faceshields;Gloves,十二酸钠,月桂酸钠,"2915900090. 其他饱和无环一元羧酸及其酸酐（酰卤、过氧）化物、过氧酸及其卤化、硝化、磺化、亚硝化衍生物. 增值税率:17.0%. 退税率:9.0%. 监管条件:AB(入境货物通关单,出境货物通关单). 最惠国关税:5.5%. 普通关税:30.0%",,,,Danger,1.存放在密封容器内，并放在阴凉，干燥处。储存的地方必须远离氧化剂。2.内衬塑料袋，外用编织袋包装。每袋25kg。按一般化学品规定。,,C12H23NaO2,,222.300,,,H315-H318-H335,Xi: Irritant;N: Dangerous for the environment;,UN 3077 9/PG 3,9.0,,,,,略黄色粉末,S26-S61,1.102 g/cm3,,,,"1. 性状：白色至浅黄色结晶性粉末。2. 密度（g/mL,25/4℃）：未确定3. 相对蒸汽密度（g/mL,空气=1）：未确定4. 熔点（ºC）：240-2445. 沸点（ºC,常压）：未确定6. 沸点（ºC,5.2kPa）：未确定7. 折射率：未确定8. 闪点（ºC）：未确定9. 比旋光度（º）：未确定10. 自燃点或引燃温度（ºC）：未确定11. 蒸气压（kPa,25ºC）：未确定12. 饱和蒸气压（kPa,60ºC）：未确定13. 燃烧热（KJ/mol）：未确定14. 临界温度（ºC）：未确定15. 临界压力（KPa）：未确定16. 油水（辛醇/水）分配系数的对数值：未确定17. 爆炸上限（%,V/V）：未确定18. 爆炸下限（%,V/V）：未确定19. 溶解性：溶于热水和热乙醇，微溶于冷乙醇。",R.进口食品卫生监督检验 S.出口食品卫生监督检验 M.进口商品检验 N.出口商品检验,,,,296.1ºC at 760 mmHg,2915900090,43.8ºC,"品名, 成分含量, 用途",,A.入境货物通关单 B.出境货物通关单,,,,1.远离氧化物，强酸，强碱。2.本品低毒。小鼠最低致死量LC50:400mg/kg。,"GHS05, GHS07",222.159576,,更多,lauric acid sodium salt,629-25-4,,,P280-P305 + P351 + P338 + P310,1.疏水参数计算参考值（XlogP）:无2.氢键供体数量:03.氢键受体数量:24.可旋转化学键数量:105.互变异构体数量:无6.拓扑分子极性表面积40.17.重原子数量:158.表面电荷:09.复杂度:13810.同位素原子数量:011.确定原子立构中心数量:012.不确定原子立构中心数量:013.确定化学键立构中心数量:014.不确定化学键立构中心数量:015.共价键单元数量:2,,134.1ºC,,R37/38
无,0,0,0,0,0,1,0,0,16,无,,19,0,145,7.68290,,,,3,,,dust mask type N95 (US);Eyeshields;Gloves,硬脂基碘|碘代十八烷|十八烷基碘,1-碘十八烷,,,,,Warning,存放在密封容器内，并放在阴凉，干燥处，室温避光保存。储存的地方必须远离氧化剂。,,C18H37I,1、 摩尔折射率：98.402、 摩尔体积（m3/mol）：344.43、 等张比容（90.2K）：822.24、 表面张力（dyne/cm）：32.45、 极化率（10-24cm3）：39.01,380.39100,,,H315-H319-H335,Xi: Irritant;,NONH for all modes of transport,,,,,,淡黄色结晶,S26-S36,1.104 g/cm3,1.483,,,"1. 性状：浅黄色或者棕色结晶或者结晶性粉末。2. 密度（g/mL,25/4℃）：未确定3. 相对蒸汽密度（g/mL,空气=1）：未确定4. 熔点（ºC）：33-355. 沸点（ºC,常压）：194-1976. 沸点（ºC,5.2kPa）：未确定7. 折射率：未确定8. 闪点（ºC）：1109. 比旋光度（º）：未确定10. 自燃点或引燃温度（ºC）：未确定11. 蒸气压（kPa,25ºC）：未确定12. 饱和蒸气压（kPa,60ºC）：未确定13. 燃烧热（KJ/mol）：未确定14. 临界温度（ºC）：未确定15. 临界压力（KPa）：未确定16. 油水（辛醇/水）分配系数的对数值：未确定17. 爆炸上限（%,V/V）：未确定18. 爆炸下限（%,V/V）：未确定19. 溶解性：几乎不溶于水，溶于乙醇，丙酮。",,,,,194-197 °C2 mm Hg(lit.),,33-35 °C(lit.),,,,,,,远离氧化物，光，热，碱。,GHS07,380.19400,,更多,1-Iodooctadecane,629-93-6,,,P261-P305 + P351 + P338,1.疏水参数计算参考值（XlogP）:无2.氢键供体数量:03.氢键受体数量:04.可旋转化学键数量:165.互变异构体数量:无6.拓扑分子极性表面积07.重原子数量:198.表面电荷:09.复杂度:14510.同位素原子数量:011.确定原子立构中心数量:012.不确定原子立构中心数量:013.确定化学键立构中心数量:014.不确定化学键立构中心数量:015.共价键单元数量:1,,110 °C,,R36/37/38
,,,,,,,,,,,,,,,2.32180,17.07000,,2912190090 acyclic aldehydes without other oxygen function。Supervision conditions:None。VAT:17.0%。Tax rebate rate:9.0%。MFN tariff:5.5%。General tariff:30.0%,,0,0,,2-乙-2-己烯醛|Α-乙-Β-丙基丙烯醛|2-乙基-3-丙基丙烯醇|2-乙基己烯醛,2-乙基-2-己烯醛,HS: 2912190090. 其他无环醛（不含其他含氧基）. 增值税率:17.0%. 退税率:9.0%. 监管条件:无. 最惠国关税:5.5%. 普通关税:30.0%,,,,,室温，干燥，惰性气体存储,1,C8H14O,1、 摩尔折射率：39.192、 摩尔体积（m3/mol）：151.33、 等张比容（90.2K）：342.74、 表面张力（dyne/cm）：26.35、 极化率（10-24cm3）：15.53,126.19600,,,,,UN 1760,3.2,,4,0,103,无色液体带有一种强烈的气味,S26;S36/S37/S39,0.85 g/cm3,1.431,17.1,,"1. 性状：。2. 密度（g/mL,25/4℃）：3. 相对蒸汽密度（g/mL,空气=1）：未确定4. 熔点（ºC）：5. 沸点（ºC,常压）：6. 沸点（ºC,5.2kPa）：未确定7. 折射率：8. 闪点（ºC）：9. 比旋光度（º）：未确定10. 自燃点或引燃温度（ºC）：11. 蒸气压（kPa,25ºC）：未确定12. 饱和蒸气压（kPa,60ºC）：未确定13. 燃烧热（KJ/mol）：未确定14. 临界温度（ºC）：未确定15. 临界压力（KPa）：未确定16. 油水（辛醇/水）分配系数的对数值：未确定17. 爆炸上限（%,V/V）：未确定18. 爆炸下限（%,V/V）：未确定19. 溶解性：。",,0,1,,175ºC,2912190090,,"品名, 成分含量, 用途, 四聚甲醛报明外观",2.3,,,0,0,,,126.10400,,更多,"2-Hexenal, 2-ethyl",645-62-5,,0,,1、 疏水参数计算参考值（XlogP）：2.32、 氢键供体数量：03、 氢键受体数量：14、 可旋转化学键数量：45、 拓扑分子极性表面积（TPSA）：17.16、 重原子数量：97、 表面电荷：08、 复杂度：1039、 同位素原子数量：010、 确定原子立构中心数量：011、 不确定原子立构中心数量：012、 确定化学键立构中心数量：013、 不确定化学键立构中心数量：014、 共价键单元数量：1,9,68ºC,,36/37/38
,,,,,,,,,,,,,,,3.20,26.02000,,,,,,,3-氟-5-碘代苯胺,3-氟-5-碘苯胺,,,,,,室温,,C6H5FIN,,237.014,,,,Xi,,,,,,,,26-36/37/39,2.0±0.1 g/cm3,1.657,,,,,,,,279.5±25.0 °C at 760 mmHg,,,,,,,,,,,236.945068,,更多,3-Fluoro-5-iodoaniline,660-49-1,0.0±0.6 mmHg at 25°C,,,,,122.8±23.2 °C,,R36/37/38
2.4,0,0,0,1,0,1,0,0,1,无,,6,0,42,2.21850,,,2901299090 unsaturated acyclic hydrocarbons。Supervision conditions:None。VAT:17.0%。Tax rebate rate:9.0%。MFN tariff:2.0%。General tariff:30.0%,3,,,,顺-4-甲基-2-戊烯,顺式-4-甲基-2-戊烯,2901299090 其他不饱和无环烃。监管条件:无。增值税率:17.0%。退税率:9.0%。最惠国关税:2.0%。普通关税:30.0%,,,,,储存于阴凉、通风的库房。远离火种、热源。库温不宜超过30℃。应与氧化剂、酸类分开存放，切忌混储。,,C6H12,1、 摩尔折射率：29.862、 摩尔体积（cm3/mol）：121.53、 等张比容（90.2K）：255.44、 表面张力（dyne/cm）：19.45、 介电常数：2.556、 偶极距（10-24cm3）：7、 极化率：11.83,84.15950,,II,,"F,Xn",UN 3295 3/PG 2,3.1,,,,,液体;Colorless to Almost colorless clear liquid,S16-S26-S36-S62,0.686 g/mL at 20ºC(lit.),n20/D 1.392,,,"1. 性状：无色液体。2. 密度（g/mL,25/4℃）：0.673. 相对蒸汽密度（g/mL,空气=1）：2.90   4. 熔点（ºC）：-134.45. 沸点（ºC,常压）：586. 沸点（ºC,5.2kPa）：未确定7. 折射率(n20D)：1.388. 闪点（ºC）：-339. 比旋光度（º）：未确定10. 自燃点或引燃温度（ºC）：未确定11. 蒸气压（kPa,25ºC）：未确定12. 饱和蒸气压（kPa,60ºC）：未确定13. 燃烧热（KJ/mol）：未确定14. 临界温度（ºC）：未确定15. 临界压力（KPa）：未确定16. 油水（辛醇/水）分配系数的对数值：未确定17. 爆炸上限（%,V/V）：未确定18. 爆炸下限（%,V/V）：未确定19. 溶解性：不能溶于水。",,,,,57-58ºC(lit.),2901299090,-134.4ºC,"品名, 成分含量, 用途, 用作气体燃料的应报明包装容器容积, 散装货物应报明",,,,,,1.远离氧化物，强酸。2. 存在于烟气中。,,84.09390,,更多,4-Methyl-cis-2-pentene,691-38-3,399 mm Hg ( 37.7 °C),,,1.疏水参数计算参考值（XlogP）:2.42.氢键供体数量:03.氢键受体数量:04.可旋转化学键数量:15.互变异构体数量:无6.拓扑分子极性表面积07.重原子数量:68.表面电荷:09.复杂度:4210.同位素原子数量:011.确定原子立构中心数量:012.不确定原子立构中心数量:013.确定化学键立构中心数量:114.不确定化学键立构中心数量:015.共价键单元数量:1,,-28 °F,,36/37/38-65-11
,,,,,,,,,,,,,,,0.41630,65.98000,,,,,,,3-甲基-1H-吡唑-5-甲酸|3-甲基-1H-吡唑-5-羧酸|3-甲基-5-吡唑甲酸,5-甲基-3-吡唑甲酸,,,,,,2-8°C,,C5H6N2O2,,126.11300,,,,,,,,,,,,,1.404 g/cm3,,,,,,,,,388.8ºC at 760 mmHg,,236-240ºC,,,,,,,,,126.04300,,更多,5(or 3)-methyl-pyrazole-3(or 5)-carboxylic acid,696-22-0,,,,,,188.9ºC,,
,,,,,,,,,,,,,,,,74.60000,,"2917209090 other cyclanic, cyclenic or cyclotherpenic polycarboxylic acids, their anhydrides, halides, peroxides, peroxyacids and their derivatives。supervision conditions:AB(certificate of inspection for goods inward,certificate of inspection for goods outward)。VAT:17.0%。tax rebate rate:9.0%。MFN tariff:6.5%。general tariff:30.0%",,,,,,"顺式-环丙烷-1,2-二羧酸","HS:2917209090 其他（环烷、环烯、环萜烯）多元羧酸 增值税率:17.0% 退税率:9.0% 监管条件:AB(入境货物通关单,出境货物通关单) 最惠国关税:6.5% 普通关税:30.0%",,,,,室温,,C5H6O4,,130.09900,,,,F,,,,,,,,,1.673g/cm3,1.584,,,,R.进口食品卫生监督检验 S.出口食品卫生监督检验,,,,305.8ºC at 760 mmHg,2917209090,139-140ºC,"品名, 成分含量, 用途, 对苯二甲酸请注明4-CBA值, 对苯二甲酸请注明P-TL酸值, 对苯二甲酸请注明色度, 对苯二甲酸请注明水分",,A.入境货物通关单 B.出境货物通关单,,,,,,130.02700,,更多,"cyclopropane-1,2-dicarboxylic acid",696-74-2,,,,,,153ºC,,
,,,,,,,,,,,,,,,1.06320,25.78000,,2933599090. other compounds containing a pyrimidine ring (whether or not hydrogenated) or piperazine ring in the structure. VAT:17.0%. Tax rebate rate:13.0%. . MFN tariff:6.5%. General tariff:20.0%,,,,,,"(7CI,8CI,9CI)-2,4-二氟-6-甲基嘧啶",2933599090. 其他结构上有嘧啶环的化合物(包括其他结构上有哌嗪环的化合物. 增值税率:17.0%. 退税率:13.0%. 监管条件:无. 最惠国关税:6.5%. 普通关税:20.0%,,,,,,,C5H4F2N2,,130.09500,,,,,,,,,,,,,1.293g/cm3,1.454,,,,,,,,220.3ºC at 760 mmHg,2933599090,,"品名, 成分含量, 用途, 乌洛托品请注明外观, 6－己内酰胺请注明外观, 签约日期",,,,,,,,130.03400,,更多,"2,4-difluoro-6-methylpyrimidine",696-80-0,,,,,,87ºC,,
,,,,,,,,,,,,,,,2.00240,62.60000,,2930909090. other organo-sulphur compounds. VAT:17.0%. Tax rebate rate:13.0%. . MFN tariff:6.5%. General tariff:30.0%,,,,,,(2-氟苯基)硫代]乙酸,2930909090. 其他有机硫化合物. 增值税率:17.0%. 退税率:13.0%. 监管条件:无. 最惠国关税:6.5%. 普通关税:30.0%,,,,,,,C8H7FO2S,,186.20300,,,,,,,,,,,,,1.36g/cm3,1.585,,,,,,,,297.6ºC at 760 mmHg,2930909090,,"品名, 成分含量, 用途",,,,,,,,186.01500,,更多,2-(2-fluorophenyl)sulfanylacetic acid,705-02-2,,,,,,133.8ºC,,
,,,,,,,,,,,,,,,2.29590,26.30000,,,,,,,,环己烷丙烯酸甲酯,,,,,,,,C10H16O2,,168.23300,,,,,,,,,,,,,1.036g/cm3,1.525,,,,,,,,227.1ºC at 760 mmHg,,,,,,,,,,,168.11500,,更多,methyl (E)-3-cyclohexylprop-2-enoate,705-95-3,,,,,,103.2ºC,,
6.6,0,0,0,0,0,1,1,1,3,2,,19,0,273,6.55,20.23000,SN3570000,,3,,,dust mask type N95 (US);Eyeshields;Gloves,"2.4.6-三叔丁基酚|2,4,6-三叔丁基酚","2,4,6-三叔丁基苯酚",,,,,Warning,密封储存，储存于阴凉、干燥的库房。,,C18H30O,,262.430,,III,H302-H400,Xi:Irritant;,UN 2430 8/PG 3,9,,,,,黄色结晶粉末,S26-S36/37/39-S45-S60-S61-S24/25,0.9±0.1 g/cm3,1.490,,,"1. 性状：黄色结晶状粉末2. 相对密度（25℃，4℃）：0.86426.73. 相对蒸汽密度（g/mL,空气=1）：未确定4. 熔点（ºC）：1315. 沸点（ºC,常压）：2786. 沸点（ºC,0.1mmHg）：未确定7. 折射率(n20/D)：未确定8. 闪点（ºC）：1309. 比旋光度（º）：未确定10. 自燃点或引燃温度（ºC）：未确定11. 蒸气压（kPa,25ºC）：未确定12. 饱和蒸气压（kPa,25ºC）：未确定13. 燃烧热（KJ/mol）：未确定14. 临界温度（ºC）：未确定15. 临界压力（KPa）：未确定16. 油水（辛醇/水）分配系数的对数值：未确定17. 爆炸上限（%,V/V）：未确定18. 爆炸下限（%,V/V）：未确定19. 溶解性：不溶于水",,,,insoluble,278.0±0.0 °C at 760 mmHg,,125-130 °C(lit.),,,,,,,避免与不相容材料接触。   与强氧化剂，碱，铜合金，酸性氯化物，酸酐反应。,"GHS07, GHS09",262.229675,,更多,"2,4,6-Tri-tert-butylphenol",732-26-3,0.0±0.6 mmHg at 25°C,,P273-P301 + P312 + P330-P391,1.疏水参数计算参考值（XlogP）:6.62.氢键供体数量:13.氢键受体数量:14.可旋转化学键数量:35.互变异构体数量:26.拓扑分子极性表面积20.27.重原子数量:198.表面电荷:09.复杂度:27310.同位素原子数量:011.确定原子立构中心数量:012.不确定原子立构中心数量:013.确定化学键立构中心数量:014.不确定化学键立构中心数量:015.共价键单元数量:1,,129.3±8.4 °C,,R22;R36/37/38
,,,,,,,,,,,,,,,1.59430,86.63000,,,,,,,,乙酰氯霉素,,,,,,,,C13H15Cl2NO4,,320.16900,,,,,,,,,,,,,,,,,,,,,,,,,,,,,,,,,319.03800,,更多,"N-[1-(4-acetylphenyl)-1,3-dihydroxypropan-2-yl]-2,2-dichloroacetamide",735-52-4,,,,,,,,
无,0,0,0,0,0,1,0,0,2,无,0,7,0,42.1,2.73460,,,,,,,,二乙基二甲基硅烷,二甲基二乙基硅烷,,,,,,,,C6H16Si,,116.27700,,,,,,,,,,,,,0.712g/cm3,1.388,,,,,,,,95ºC,,,,,,,,,,,116.10200,,更多,diethyl(dimethyl)silane,756-81-0,,,,1.疏水参数计算参考值（XlogP）:无2.氢键供体数量:03.氢键受体数量:04.可旋转化学键数量:25.互变异构体数量:无6.拓扑分子极性表面积:07.重原子数量:78.表面电荷:09.复杂度:42.110.同位素原子数量:011.确定原子立构中心数量:012.不确定原子立构中心数量:013.确定化学键立构中心数量:014.不确定化学键立构中心数量:015.共价键单元数量:1,,,,
无,0,0,0,1,0,1,0,0,1,无,,9,0,86.2,3.22,,,2902909090 other aromatic hydrocarbons。Supervision conditions:None。VAT:17.0%。Tax rebate rate:9.0%。MFN tariff:2.0%。General tariff:30.0%,,,,,顺-Beta-甲基苯乙烯|beta-甲基苯乙烯|(Z)-β-甲基苯乙烯,顺-β-甲基苯乙烯,2902909090. 其他芳香烃. 增值税率:17.0%. 退税率:9.0%. 监管条件:无. 最惠国关税:2.0%. 普通关税:30.0%,,,,,室温，干燥,,C9H10,1、 摩尔折射率：42.142、 摩尔体积（cm3/mol）：130.43、 等张比容（90.2K）：310.24、 表面张力（dyne/cm）：32.05、 介电常数：2.796、 偶极距（10-24cm3）：7、 极化率：16.70,118.176,,,,F+,UN 1993,3.0,,,,,液体;Colorless to Almost colorless clear liquid,S16,0.9±0.1 g/cm3,1.560,,,"1. 性状：未确定2. 密度（g/mL,25/4℃）：0.90883. 相对蒸汽密度（g/mL,空气=1）：未确定4. 熔点（ºC）：-61.65. 沸点（ºC,常压）：167.56. 沸点（ºC,5.2kPa）：未确定7. 折射率(n20D)：1.5428. 闪点（ºC）：未确定9. 比旋光度（º）：未确定10. 自燃点或引燃温度（ºC）：未确定11. 蒸气压（kPa,25ºC）：未确定12. 饱和蒸气压（kPa,60ºC）：未确定13. 燃烧热（KJ/mol）：未确定14. 临界温度（ºC）：未确定15. 临界压力（KPa）：未确定16. 油水（辛醇/水）分配系数的对数值：未确定17. 爆炸上限（%,V/V）：未确定18. 爆炸下限（%,V/V）：未确定19. 溶解性：不溶于水，与乙醇、乙醚、丙酮、苯互溶。",,,,,167.5±0.0 °C at 760 mmHg,2902909090,-60ºC,"品名, 成分含量",,,,,,1. 存在于烟气中。2. 有Z、E两种异构体，上述内容特指（Z）-1-丙烯基苯。,,118.078247,,更多,Cis-1-Phenyl-1-Propene,766-90-5,2.2±0.1 mmHg at 25°C,,,1.疏水参数计算参考值（XlogP）:无2.氢键供体数量:03.氢键受体数量:04.可旋转化学键数量:15.互变异构体数量:无6.拓扑分子极性表面积07.重原子数量:98.表面电荷:09.复杂度:86.210.同位素原子数量:011.确定原子立构中心数量:012.不确定原子立构中心数量:013.确定化学键立构中心数量:114.不确定化学键立构中心数量:015.共价键单元数量:1,,60.0±0.0 °C,,R10
2.8,0,0,0,0,0,1,0,2,3,无,,13,0,173,2.64190,26.30000,,"2916310090 other benzoic acid and its salts and esters。supervision conditions:AB(certificate of inspection for goods inward,certificate of inspection for goods outward)。VAT:17.0%。tax rebate rate:9.0%。MFN tariff:6.5%。general tariff:30.0%",,,,,苯甲酸叔丁酯,叔丁基苯甲酸,"2916310090 其他苯甲酸及其盐和酯. 增值税率:17.0% 退税率:9.0% 监管条件:AB(入境货物通关单,出境货物通关单) 最惠国关税:6.5% 普通关税:30.0%",,,,,室温，干燥,,C11H14O2,1、 摩尔折射率：51.892、 摩尔体积（cm3/mol）：176.83、 等张比容（90.2K）：426.54、 表面张力（dyne/cm）：33.85、 介电常数：6、 偶极距（10-24cm3）：7、 极化率：20.57,178.22800,,,,,,,,,,,,S24/25,1 g/cm3,1.498,,,"1. 性状：未确定2. 密度（g/mL,25/4℃）：0.988 g/cm33. 沸点（ºC）：112184. 熔点（ºC）：未确定5. 相对密度（20℃，4℃）：0.99336. 沸点（ºC, 1mmHg）：54 °C7. 常温折射率（n20）：1.49108. 常温折射率（n25）：1.48869. 比旋光度（º）：未确定10. 自燃点或引燃温度（ºC）：未确定11. 蒸气压（kPa,25ºC）：未确定12. 饱和蒸气压（kPa,60ºC）：未确定13. 燃烧热（KJ/mol）：未确定14. 临界温度（ºC）：未确定15. 临界压力（KPa）：未确定16. 油水（辛醇/水）分配系数的对数值：未确定17. 爆炸上限（%,V/V）：未确定18. 爆炸下限（%,V/V）：未确定19. 溶解性：未确定",R.进口食品卫生监督检验 S.出口食品卫生监督检验 M.进口商品检验 N.出口商品检验,,,,54ºC / 1mmHg,2916310090,,"品名, 成分含量, 用途, 丙烯酸、丙烯酸盐或酯应报明包装",,A.入境货物通关单 B.出境货物通关单,,,,,,178.09900,,更多,tert-butyl benzoate,774-65-2,,,,1.疏水参数计算参考值（XlogP）:2.82.氢键供体数量:03.氢键受体数量:24.可旋转化学键数量:35.互变异构体数量:无6.拓扑分子极性表面积26.37.重原子数量:138.表面电荷:09.复杂度:17310.同位素原子数量:011.确定原子立构中心数量:012.不确定原子立构中心数量:013.确定化学键立构中心数量:014.不确定化学键立构中心数量:015.共价键单元数量:1,,100.4ºC,,
无,0,0,0,0,0,1,1,3,2,无,,11,0,147,2.46,62.60000,,2930909090. other organo-sulphur compounds. VAT:17.0%. Tax rebate rate:13.0%. . MFN tariff:6.5%. General tariff:30.0%,3,,,Eyeshields;Gloves;type N95 (US);type P1 (EN143) respirator filter,3-(硫代甲基)苯甲酸,3-(甲硫基)苯甲酸,2930909090. 其他有机硫化合物. 增值税率:17.0%. 退税率:13.0%. 监管条件:无. 最惠国关税:6.5%. 普通关税:30.0%,,,,,保持容器密封，储存在阴凉，干燥的地方,,C8H8O2S,1、摩尔折射率：45.662、摩尔体积（m3/mol）：131.23、等张比容（90.2K）：356.54、表面张力（dyne/cm）：54.45、极化率（10-24cm3）：18.10,168.213,,,,Xn,NONH for all modes of transport,,,,,,白色-极淡的黄色晶体-粉末,,1.3±0.1 g/cm3,1.613,,,"1. 性状：未确定2. 密度（g/mL,25/4℃）：未确定3. 相对蒸汽密度（g/mL,空气=1）：未确定4. 熔点（ºC）：126-130°C5. 沸点（ºC,常压）：未确定6. 沸点（ºC,5.2kPa）：未确定7. 折射率：未确定8. 闪点（ºC）：未确定9. 比旋光度（º）：未确定10. 自燃点或引燃温度（ºC）：未确定11. 蒸气压（kPa,25ºC）：未确定12. 饱和蒸气压（kPa,60ºC）：未确定13. 燃烧热（KJ/mol）：未确定14. 临界温度（ºC）：未确定15. 临界压力（KPa）：未确定16. 油水（辛醇/水）分配系数的对数值：未确定17. 爆炸上限（%,V/V）：未确定18. 爆炸下限（%,V/V）：未确定19. 溶解性：未确定",,,,,321.5±25.0 °C at 760 mmHg,2930909090,126-130ºC,"品名, 成分含量, 用途",,,,,,常温常压下稳定，避免强氧化剂 接触,,168.024506,,更多,3-(Methylthio)benzoic Acid,825-99-0,0.0±0.7 mmHg at 25°C,,,1.疏水参数计算参考值（XlogP）:无2.氢键供体数量:13.氢键受体数量:34.可旋转化学键数量:25.互变异构体数量:无6.拓扑分子极性表面积62.67.重原子数量:118.表面电荷:09.复杂度:14710.同位素原子数量:011.确定原子立构中心数量:012.不确定原子立构中心数量:013.确定化学键立构中心数量:014.不确定化学键立构中心数量:015.共价键单元数量:1,,148.2±23.2 °C,,
0.7,0,0,4,0,0,1,0,3,0,无,43.4,12,0,277,-0.04,43.37000,DT5600000,2932999099. other heterocyclic compounds with oxygen hetero-atom(s) only. VAT:17.0%. Tax rebate rate:13.0%. . MFN tariff:6.5%. General tariff:20.0%,3,,,,"NA酸酐|双环[2.2.1]庚-5-烯-2,3-二羧酸酐|内次甲基四氢苯酐|双环[2.2.1]-5-庚烯-2-酸酐|5-降冰片烯-2,3-二酸酐|内亚甲基四氢苯酐|纳迪克酸酐|5-降冰片烯-2,3-二羧酸酐|双环[2.2.1]庚-5-烯-2-酸酐|降冰片烯二酸酐",NA-酸酐,2932999099. 其他仅含氧杂原子的杂环化合物. 增值税率:17.0%. 退税率:13.0%. 监管条件:无. 最惠国关税:6.5%. 普通关税:20.0%,,,,Danger,存放于惰性气体之中;避免湿气 (分解),,C9H8O3,,164.158,,I; II; III,H317-H318-H334,Xn:Harmful;,UN 1325,,,,,,白色固体,S22-S24-S26-S37/39,1.4±0.1 g/cm3,1.584,,,,,,,,331.1±42.0 °C at 760 mmHg,2932999099,158-164ºC,"品名, 成分含量, 用途",,,,,,,"GHS05, GHS08",164.047348,,更多,"5-Norbornene-2,3-Dicarboxylic Anhydride",826-62-0,0.0±0.7 mmHg at 25°C,,P261-P280-P305 + P351 + P338-P342 + P311,1.疏水参数计算参考值（XlogP）:0.72.氢键供体数量:03.氢键受体数量:34.可旋转化学键数量:05.互变异构体数量:无6.拓扑分子极性表面积:43.47.重原子数量:128.表面电荷:09.复杂度:27710.同位素原子数量:011.确定原子立构中心数量:012.不确定原子立构中心数量:413.确定化学键立构中心数量:014.不确定化学键立构中心数量:015.共价键单元数量:1,,163.8±25.1 °C,,R41;R42/43
,,,,,,,,,,,,,,,8.10470,20.23000,,,,,,,,豆甾烷醇,,,,,,2-8℃,,C29H52O,,416.72300,,,,Xi: Irritant;,,,,,,,,24-26-36,0.948g/cm3,1.501,,Stigmastanol 是一种存在于各种植物中的植物甾醇。,,,,,,471.9ºC at 760 mmHg,,,,,,研究领域>>其他天然产物>>类固醇,,,,,416.40200,,更多,stigmastanol,83-45-4,,,,,,197.1ºC,Human Endogenous Metabolite,36/37/38
无,0,0,1,0,0,1,1,1,2,3,,11,0,111,2.90570,20.23000,SJ8920000,2907191090 2-(sec-butyl)phenol。Supervision conditions:None。VAT:17.0%。Tax rebate rate:9.0%。Lowest tariff:4.0%。General tariff:11.0%,2,,,Faceshields;full-face respirator (US);Gloves;Goggles;multi-purpose combination respirator cartridge (US);type ABEK (EN14387) respirator filter,邻仲丁基苯酚|2-仲-丁基苯酚|2-特丁基苯酚,2-仲丁基苯酚,2907191090 邻仲丁基酚。监管条件:无。增值税率:17.0%。退税率:9.0%。最低关税:4.0%。普通关税:11.0%,,,,Danger,"库房通风低温干燥,与碱类、氧化剂分开储运",,C10H14O,1、 摩尔折射率：46.952、 摩尔体积（cm3/mol）：154.43、 等张比容（90.2K）：377.14、 表面张力（dyne/cm）：35.55、 极化率（10-24cm3）：18.61,150.21800,,III,H302-H314,C:Corrosive;,UN 3145 8/PG 2,8,,,,,无色至淡黄色液体,S26-S27-S28-S36/37/39-S45,0.982 g/mL at 25 °C(lit.),n20/D 1.522(lit.),,,,,,,Insoluble.,226-228 °C(lit.),2907191090,12 °C(lit.),,,,,,,"Stable, but air sensitive. Incompatible with acid chlorides, acid anhydrides, bases, strong oxidizing agents, copper and its alloys, brass.","GHS05, GHS07",150.10400,,更多,2-sec-butylphenol,89-72-5,0.03 mm Hg ( 20 °C),,P280-P305 + P351 + P338-P310,1.疏水参数计算参考值（XlogP）:无2.氢键供体数量:13.氢键受体数量:14.可旋转化学键数量:25.互变异构体数量:36.拓扑分子极性表面积20.27.重原子数量:118.表面电荷:09.复杂度:11110.同位素原子数量:011.确定原子立构中心数量:012.不确定原子立构中心数量:113.确定化学键立构中心数量:014.不确定化学键立构中心数量:015.共价键单元数量:1,,234 °F,,R22;R34
1.9,0,0,1,0,0,1,0,1,2,2,,10,0,103,1.98900,17.07000,CY1460000,2912299000. other cyclic aldehydes without other oxygen function. VAT:17.0%. Tax rebate rate:13.0%. . MFN tariff:5.5%. General tariff:30.0%,3,,,Eyeshields;full-face respirator (US);Gloves;multi-purpose combination respirator cartridge (US);type ABEK (EN14387) respirator filter,龙葵醛|α-甲基苯乙醛|2-苯丙醛|氢化桂醛,2-苯基丙醛,2912299000. 其他不含其他含氧基的环醛. 增值税率:17.0%. 退税率:13.0%. 监管条件:无. 最惠国关税:5.5%. 普通关税:30.0%,,,,Warning,本品应密封于阴凉处保存。,,C9H10O,1、 摩尔折射率：40.622、 摩尔体积（cm3/mol）：136.83、 等张比容（90.2K）：331.14、 表面张力（dyne/cm）：34.35、 极化率（10-24cm3）：16.10,134.17500,,,H315-H319-H335,Xi,NONH for all modes of transport,,,,,,透明无色液体,S26-S36,1.01,n20/D 1.517(lit.),,,"1. 性状：水白色至淡黄色液体。呈水仙花、青草叶子和瓜类似香气。2. 密度（g/mL,25/4℃）： 未确定3. 相对蒸汽密度（g/mL,空气=1）：未确定4. 熔点（ºC）：未确定5. 沸点（ºC,常压）：2226. 沸点（ºC,2kPa）：7. 折射率：未确定8. 闪点（ºC）：699. 比旋光度（º）：未确定10. 自燃点或引燃温度（ºC）：未确定11. 蒸气压（kPa,25ºC）：未确定12. 饱和蒸气压（kPa,60ºC）：未确定13. 燃烧热（KJ/mol）：未确定14. 临界温度（ºC）：未确定15. 临界压力（KPa）：未确定16. 油水（辛醇/水）分配系数的对数值：未确定17. 爆炸上限（%,V/V）：未确定18. 爆炸下限（%,V/V）：未确定19. 溶解性：Lml溶于1.5mL 70％乙醇，溶于大多数非挥发性油和矿物油，不溶于甘油，微溶于丙二醇。",,,,,201ºC (12 torr),2912299000,60ºC,"品名, 成分含量, 用途, 四聚甲醛报明外观",,,,,,水白色至淡黄色液体。呈水仙花、青草叶子和瓜类似香气。溶于大多数非挥发性油和矿物油，不溶于甘油，微溶于丙二醇。,GHS07,134.07300,,更多,2-Phenylpropionaldehyde,93-53-8,,,P261-P305 + P351 + P338,1.疏水参数计算参考值（XlogP）:1.92.氢键供体数量:03.氢键受体数量:14.可旋转化学键数量:25.互变异构体数量:26.拓扑分子极性表面积17.17.重原子数量:108.表面电荷:09.复杂度:10310.同位素原子数量:011.确定原子立构中心数量:012.不确定原子立构中心数量:113.确定化学键立构中心数量:014.不确定化学键立构中心数量:015.共价键单元数量:1,,169 °F,,R36/38
4.9,0,0,0,0,0,1,1,1,2,3,,15,0,206,4.86,20.23000,SK8260000,2907199090 other monophenols VAT:17.0% Tax rebate rate:9.0% Supervision conditions:none MFN tariff:5.5% General tariff:30.0%,2,,,dust mask type N95 (US);Eyeshields;Gloves,"2,4-二-叔-丁基苯酚|2,4-二特丁基苯酚|2,4-二叔丁基苯酚|2,4-二(1,1-二甲基乙基)苯酚","2,4-二叔丁基酚",2907199090 其他一元酚. 增值税率:17.0% 退税率:9.0% 监管条件:无 最惠国关税:5.5% 普通关税:30.0%,,,,Warning,储存于阴凉、通风的库房。远离火种。保持容器密封。应与氧化剂分开存放，切忌混储。配备相应品种和数量的消防器材。储区应备有合适的材料收容泄漏物。,,C14H22O,1、 摩尔折射率：64.902、 摩尔体积（cm3/mol）：221.23、 等张比容（90.2K）：518.34、 表面张力（dyne/cm）：30.15、 极化率（10-24cm3）：25.73,206.324,,III,H315-H319-H410,Xn:Harmful;N:Dangerousfortheenvironment;,UN 2430 8/PG 3,9,,,,,透明至淡黄色半固体,S26-S36/37-S61-S37/39-S29-S24-S45-S36/37/39,0.9±0.1 g/cm3,1.499,,"2,4-Di-tert-butylphenol 是一种内源性代谢产物。","1. 性状：棕黄色固体。2. 密度（g/mL,20℃）：0.8873. 固态相标准燃烧热(焓)(kJ·mol-1)：-8269.894. 熔点（ºC）：565. 沸点（ºC,常压）：2646. 固态标准声称热(焓)( kJ·mol-1)：-383.47. 常温折射率（n20）：1.50808. 闪点（ºC）：1159. 气相标准燃烧热(焓)(kJ·mol-1)：-8356.6010. 气相标准声称热(焓)( kJ·mol-1) ：-296.711. 蒸气压（mmHg,84.5ºC）：112. 饱和蒸气压（kPa, ºC）：未确定13. 燃烧热（KJ/mol）：未确定14. 临界温度（ºC）：未确定15. 临界压力（KPa）：未确定16. 油水（辛醇/水）分配系数的对数值：未确定17. 爆炸上限（%,V/V）：未确定18. 爆炸下限（%,V/V）：未确定19. 溶解性：溶于甲醇和醚，极微溶于水。",,,,practically insoluble,265.5±9.0 °C at 760 mmHg,29071900,53-56 °C(lit.),"品名, 成分含量, 用途",,,研究领域>>代谢疾病,,,避免与氧化物接触。,"GHS07, GHS09",206.167068,,更多,"2,4-Di-tert-butylphenol",96-76-4,0.0±0.6 mmHg at 25°C,,P273-P305 + P351 + P338-P501,1.疏水参数计算参考值（XlogP）:4.92.氢键供体数量:13.氢键受体数量:14.可旋转化学键数量:25.互变异构体数量:36.拓扑分子极性表面积20.27.重原子数量:158.表面电荷:09.复杂度:20610.同位素原子数量:011.确定原子立构中心数量:012.不确定原子立构中心数量:013.确定化学键立构中心数量:014.不确定化学键立构中心数量:015.共价键单元数量:1,,115.0±0.0 °C,Human Endogenous Metabolite,R22;R36/38;R43;R50/53
,,,,,,,,,,,,,,,3.63,20.23000,SK1578400,2907199090 other monophenols VAT:17.0% Tax rebate rate:9.0% Supervision conditions:none MFN tariff:5.5% General tariff:30.0%,,,,Eyeshields;Faceshields;full-face particle respirator type N100 (US);Gloves;respirator cartridge type N100 (US);type P1 (EN143) respirator filter;type P3 (EN 143) respirator cartridges,4-叔丁基-2-甲基苯酚|4-叔丁基邻甲酚|4-叔丁基-邻甲酚,2-羟基-4-甲基苯甲醛,2907199090 其他一元酚. 增值税率:17.0% 退税率:9.0% 监管条件:无 最惠国关税:5.5% 普通关税:30.0%,,,,Danger,库房通风低温干燥,,C11H16O,,164.244,,,H314,C: Corrosive;,UN 2430 8/PG 3,8.0,,,,,,,1.0±0.1 g/cm3,1.513,,,,,,,,244.6±9.0 °C at 760 mmHg,2907199090,28-33ºC,"品名, 成分含量, 用途",,,,,,,GHS05,164.120117,,更多,4-tert-butyl-2-methylphenol,98-27-1,0.0±0.5 mmHg at 25°C,,P280-P305 + P351 + P338-P310,,,109.9±7.2 °C,,R34
无,0,0,0,0,0,1,1,1,1,2,,11,0,115,3.17,20.23000,SJ8925000,2907199090 other monophenols VAT:17.0% Tax rebate rate:9.0% Supervision conditions:none MFN tariff:5.5% General tariff:30.0%,2,,,dust mask type N95 (US);Eyeshields;Gloves,"对叔丁基苯酚|4-羟基-1-叔丁基苯|4-(1,1-二甲基乙基)苯酚",4-叔丁基苯酚,2907199090 其他一元酚. 增值税率:17.0% 退税率:9.0% 监管条件:无 最惠国关税:5.5% 普通关税:30.0%,,,,Danger,1.储存注意事项 储存于阴凉、通风的库房。远离火种、热源。包装密封。应与氧化剂、碱类、食用化学品分开存放，切忌混储。配备相应品种和数量的消防器材。储区应备有合适的材料收容泄漏物。2.用内衬塑料袋、外加纤维板的圆桶包装，每桶装25kg。按一般可燃化学品规定贮运。,,C10H14O,1、摩尔折射率：46.522、摩尔体积（cm3/mol）：154.53、等张比容（90.2K）：370.34、表面张力（dyne/cm）：32.95、介电常数：6、偶极距（10-24cm3）：7、极化率：18.44,150.218,,III,H315-H318-H361f-H411,Xi:Irritant;N:Dangerousfortheenvironment;,UN 3077 9/PG 3,8,,,,,白色结晶粉末有一种消毒剂的气味,S26-S39-S61,1.0±0.1 g/cm3,1.514,,,1.性状：白色针状结晶，有轻微的苯酚臭味。2.熔点（℃）：98~993.沸点（℃）：236~2384.相对密度（水=1）：0.91（114℃）5.相对蒸气密度（空气=1）：5.16.饱和蒸气压（kPa）：1.33（114℃）7.临界压力（MPa）：3.348.辛醇/水分配系数：3.319.闪点（℃）：112.810.爆炸上限（%）：5.811.爆炸下限（%）：0.812.溶解性：微溶于水，溶于乙醇、乙醚、丙酮、甲醇、苯。13.折射率（114ºC）： ：1.4787,,,,8.7 g/L (20 ºC),233.7±9.0 °C at 760 mmHg,2907199090,96-101 °C(lit.),"品名, 成分含量, 用途",,,,,,1.酚样的木香和甜香香气是一强的敏化剂和去色剂。遇明火能燃烧，分解放出有毒气体。2.对眼和皮肤、黏膜有中等刺激性。在热熔状态时能灼烧皮肤。此时可先用乙醇擦拭，然后用大量温水冲洗。生产装置应密闭，操作人员应穿戴防护用具。3.稳定性 稳定4.禁配物 碱类、酰基氯、酸酐、氧化剂、铜5.避免接触的条件 受热6.聚合危害 不聚合,"GHS05, GHS08, GHS09",150.104462,,更多,4-tert-butylphenol,98-54-4,0.0±0.5 mmHg at 25°C,,P201-P273-P280-P305 + P351 + P338 + P310-P308 + P313-P501,1.疏水参数计算参考值（XlogP）:无2.氢键供体数量:13.氢键受体数量:14.可旋转化学键数量:15.互变异构体数量:26.拓扑分子极性表面积20.27.重原子数量:118.表面电荷:09.复杂度:11510.同位素原子数量:011.确定原子立构中心数量:012.不确定原子立构中心数量:013.确定化学键立构中心数量:014.不确定化学键立构中心数量:015.共价键单元数量:1,,110.9±8.2 °C,,R37/38;R41;R51/53
