文件名,键,值
1000340-33-9.html,中文名,"3,4-二-溴-7-氮杂吲哚"
1000340-33-9.html,英文名,"3,4-dibromo-1H-pyrrolo[2,3-b]pyridine"
1000340-33-9.html,中文别名,"3,4-二溴-7-氮杂吲哚"
1000340-33-9.html,英文别名,更多
1000340-33-9.html,密度,2.2±0.1 g/cm3
1000340-33-9.html,分子式,C7H4Br2N2
1000340-33-9.html,分子量,275.928
1000340-33-9.html,精确质量,273.874115
1000340-33-9.html,PSA,28.68000
1000340-33-9.html,LogP,3.47
1000340-33-9.html,折射率,1.751
1000340-33-9.html,储存条件,2-8°C，惰性气体保存
1000340-33-9.html,危害码 (欧洲),Xi
10024-70-1.html,中文名,3-甲氧基丁酸
10024-70-1.html,英文名,3-methoxybutanoic acid
10024-70-1.html,英文别名,更多
10024-70-1.html,密度,1.05g/cm3
10024-70-1.html,沸点,193.8ºC at 760mmHg
10024-70-1.html,分子式,C5H10O3
10024-70-1.html,分子量,118.13100
10024-70-1.html,闪点,78.6ºC
10024-70-1.html,精确质量,118.06300
10024-70-1.html,PSA,46.53000
10024-70-1.html,LogP,0.49600
10024-70-1.html,蒸汽压,0.198mmHg at 25°C
10024-70-1.html,折射率,1.42
10024-70-1.html,海关编码,2918990090
10024-70-1.html,中文概述,2918990090. 其他含其他附加含氧基羧酸（包括酸酐、酰卤化物、过氧化物和过氧酸及该税号的衍生物）. 增值税率:17.0%. 退税率:13.0%. 监管条件:无. 最惠国关税:6.5%. 普通关税:30.0%
10024-70-1.html,申报要素,"品名, 成分含量, 用途"
10024-70-1.html,Summary,"2918990090. other carboxylic acids with additional oxygen function and their anhydrides, halides, peroxides and peroxyacids; their halogenated, sulphonated, nitrated or nitrosated derivatives. VAT:17.0%. Tax rebate rate:13.0%. . MFN tariff:6.5%. General tariff:30.0%"
1005615-47-3.html,中文名,3-(4-溴-1H-吡唑-1-基)-2-甲基丙酸甲酯
1005615-47-3.html,英文名,methyl 3-(4-bromopyrazol-1-yl)-2-methylpropanoate
1005615-47-3.html,英文别名,更多
1005615-47-3.html,密度,1.5±0.1 g/cm3
1005615-47-3.html,沸点,313.2±22.0 °C at 760 mmHg
1005615-47-3.html,分子式,C8H11BrN2O2
1005615-47-3.html,分子量,247.089
1005615-47-3.html,闪点,143.2±22.3 °C
1005615-47-3.html,精确质量,246.000381
1005615-47-3.html,PSA,44.12000
1005615-47-3.html,LogP,1.91
1005615-47-3.html,蒸汽压,0.0±0.7 mmHg at 25°C
1005615-47-3.html,折射率,1.568
1005615-47-3.html,海关编码,2933199090
1005615-47-3.html,中文概述,2933199090. 其他结构上有非稠合吡唑环化合物. 增值税率:17.0%. 退税率:13.0%. 监管条件:无. 最惠国关税:6.5%. 普通关税:20.0%
1005615-47-3.html,申报要素,"品名, 成分含量, 用途, 乌洛托品请注明外观, 6－己内酰胺请注明外观, 签约日期"
1005615-47-3.html,Summary,2933199090. other compounds containing an unfused pyrazole ring (whether or not hydrogenated) in the structure. VAT:17.0%. Tax rebate rate:13.0%. . MFN tariff:6.5%. General tariff:20.0%
1005694-58-5.html,中文名,2-(4-氯-3-甲基-1H-吡唑-1-基)丙酸
1005694-58-5.html,英文名,2-(4-chloro-3-methylpyrazol-1-yl)propanoic acid
1005694-58-5.html,分子式,C7H9ClN2O2
1005694-58-5.html,分子量,188.61200
1005694-58-5.html,精确质量,188.03500
1005694-58-5.html,PSA,55.12000
1005694-58-5.html,LogP,1.49050
1005694-58-5.html,海关编码,2933199090
1005694-58-5.html,中文概述,2933199090. 其他结构上有非稠合吡唑环化合物. 增值税率:17.0%. 退税率:13.0%. 监管条件:无. 最惠国关税:6.5%. 普通关税:20.0%
1005694-58-5.html,申报要素,"品名, 成分含量, 用途, 乌洛托品请注明外观, 6－己内酰胺请注明外观, 签约日期"
1005694-58-5.html,Summary,2933199090. other compounds containing an unfused pyrazole ring (whether or not hydrogenated) in the structure. VAT:17.0%. Tax rebate rate:13.0%. . MFN tariff:6.5%. General tariff:20.0%
10061-68-4.html,中文名,"N,N-二乙基-1,3-丙二胺"
10061-68-4.html,英文名,"N,N'-Diethyl-1,3-propanediamine"
10061-68-4.html,中文别名,"N,N’-二乙基-1,3-丙二胺|N,N'-二乙基-1,3-丙二胺"
10061-68-4.html,英文别名,更多
10061-68-4.html,密度,0.8±0.1 g/cm3
10061-68-4.html,沸点,170.7±8.0 °C at 760 mmHg
10061-68-4.html,熔点,-60ºC
10061-68-4.html,分子式,C7H18N2
10061-68-4.html,分子量,130.231
10061-68-4.html,闪点,58.9±0.0 °C
10061-68-4.html,精确质量,130.147003
10061-68-4.html,PSA,24.06000
10061-68-4.html,LogP,0.77
10061-68-4.html,蒸汽密度,4.4 (vs air)
10061-68-4.html,蒸汽压,1.5±0.3 mmHg at 25°C
10061-68-4.html,折射率,1.451
10061-68-4.html,储存条件,"密闭,阴凉干燥处保存，确保有良好的通风"
10061-68-4.html,稳定性,"如果遵照规格使用和储存则不会分解，未有已知危险发生避免强氧化剂,酸，酸性物质"
10061-68-4.html,分子结构,五、分子性质数据：1、 摩尔折射率：41.662、 摩尔体积（m3/mol）：161.73、 等张比容（90.2K）：366.54、 表面张力（dyne/cm）：26.45、 极化率（10-24cm3）：16.51
10061-68-4.html,计算化学,1.疏水参数计算参考值（XlogP）:0.52.氢键供体数量:23.氢键受体数量:24.可旋转化学键数量:65.互变异构体数量:无6.拓扑分子极性表面积24.17.重原子数量:98.表面电荷:09.复杂度:40.210.同位素原子数量:011.确定原子立构中心数量:012.不确定原子立构中心数量:013.确定化学键立构中心数量:014.不确定化学键立构中心数量:015.共价键单元数量:1
10061-68-4.html,更多,"1. 性状：无色液体2. 密度（g/mLat 25°C）：0.8193. 相对蒸汽密度（g/mL,空气=1）：4.44. 熔点（ºC）：-605. 沸点（ºC,常压）：1686. 沸点（ºC, 760mmHg）：未确定7. 折射率（n20/D）：1.43748. 闪点（ºC）：479. 比旋光度（º）：未确定10. 自燃点或引燃温度（ºC）：未确定11. 蒸气压（mmHg,20ºC）：112. 饱和蒸气压（kPa,-58 ºC）：未确定13. 燃烧热（KJ/mol）：未确定14. 临界温度（ºC）：未确定15. 临界压力（MPa）：未确定16. 油水（辛醇/水）分配系数的对数值：未确定17. 爆炸上限（%,V/V）：未确定18. 爆炸下限（%,V/V）：未确定19. 溶解性：未确定"
10061-68-4.html,符号,"GHS02, GHS05, GHS07"
10061-68-4.html,信号词,Danger
10061-68-4.html,危害声明,H226-H314-H317
10061-68-4.html,警示性声明,P280-P305 + P351 + P338-P310
10061-68-4.html,个人防护装备,Faceshields;full-face respirator (US);Gloves;Goggles;multi-purpose combination respirator cartridge (US);type ABEK (EN14387) respirator filter
10061-68-4.html,危害码 (欧洲),C:Corrosive;
10061-68-4.html,风险声明 (欧洲),R10;R34;R43
10061-68-4.html,安全声明 (欧洲),S26-S36/37/39-S45
10061-68-4.html,危险品运输编码,UN 2734
10061-68-4.html,WGK德国,3
10061-68-4.html,包装等级,II
10061-68-4.html,1.疏水参数计算参考值（XlogP）,0.5
10061-68-4.html,2.氢键供体数量,2
10061-68-4.html,3.氢键受体数量,2
10061-68-4.html,4.可旋转化学键数量,6
10061-68-4.html,5.互变异构体数量,无
10061-68-4.html,7.重原子数量,9
10061-68-4.html,8.表面电荷,0
10061-68-4.html,9.复杂度,40.2
10061-68-4.html,10.同位素原子数量,0
10061-68-4.html,11.确定原子立构中心数量,0
10061-68-4.html,12.不确定原子立构中心数量,0
10061-68-4.html,13.确定化学键立构中心数量,0
10061-68-4.html,14.不确定化学键立构中心数量,0
10061-68-4.html,15.共价键单元数量,1
10105-42-7.html,中文名,"2,4,6-三肼基-1,3,5-三嗪"
10105-42-7.html,英文名,"(4,6-dihydrazinyl-1,3,5-triazin-2-yl)hydrazine"
10105-42-7.html,英文别名,更多
10105-42-7.html,密度,1.923g/cm3
10105-42-7.html,沸点,545ºC at 760mmHg
10105-42-7.html,分子式,C3H9N9
10105-42-7.html,分子量,171.16400
10105-42-7.html,闪点,283.4ºC
10105-42-7.html,精确质量,171.09800
10105-42-7.html,PSA,152.82000
10105-42-7.html,LogP,0.04830
10105-42-7.html,蒸汽压,4.64E-06mmHg at 25°C
10105-42-7.html,折射率,2.107
10105-42-7.html,海关编码,2933699090
10105-42-7.html,中文概述,2933699090 其他结构上含非稠合三嗪环化合物. 增值税率:17.0% 退税率:9.0% 监管条件:无 最惠国关税:6.5% 普通关税:20.0%
10105-42-7.html,申报要素,"品名, 成分含量, 用途, 乌洛托品请注明外观, 6－己内酰胺请注明外观, 签约日期"
10105-42-7.html,Summary,2933699090 other compounds containing an unfused triazine ring (whether or not hydrogenated) in the structure。Supervision conditions:None。VAT:17.0%。Tax rebate rate:9.0%。MFN tariff:6.5%。General tariff:20.0%
1011407-68-3.html,中文名,3-(溴甲基)哌啶氢溴酸
1011407-68-3.html,英文名,3-(bromomethyl)piperidine
1011407-68-3.html,英文别名,更多
1011407-68-3.html,分子式,C6H12BrN
1011407-68-3.html,分子量,178.07000
1011407-68-3.html,精确质量,177.01500
1011407-68-3.html,PSA,12.03000
1011407-68-3.html,LogP,1.70970
1011407-68-3.html,海关编码,2933399090
1011407-68-3.html,中文概述,2933399090. 其他结构含非稠合吡啶环的化合物. 增值税率:17.0%. 退税率:13.0%. 监管条件:无. 最惠国关税:6.5%. 普通关税:20.0%
1011407-68-3.html,申报要素,"品名, 成分含量, 用途, 乌洛托品请注明外观, 6－己内酰胺请注明外观, 签约日期"
1011407-68-3.html,Summary,2933399090. other compounds containing an unfused pyridine ring (whether or not hydrogenated) in the structure. VAT:17.0%. Tax rebate rate:13.0%. . MFN tariff:6.5%. General tariff:20.0%
101646-01-9.html,中文名,"3,4-二氟-5-硝基三氟甲苯"
101646-01-9.html,英文名,"3,4-Difluoro-5-nitrobenzotrifluoride"
101646-01-9.html,英文别名,更多
101646-01-9.html,密度,1.585g/cm3
101646-01-9.html,沸点,195.3ºC at 760 mmHg
101646-01-9.html,分子式,C7H2F5NO2
101646-01-9.html,分子量,227.08800
101646-01-9.html,闪点,71.9ºC
101646-01-9.html,精确质量,227.00100
101646-01-9.html,PSA,45.82000
101646-01-9.html,LogP,3.41500
101646-01-9.html,蒸汽压,0.593mmHg at 25°C
101646-01-9.html,折射率,1.44
101646-01-9.html,危害码 (欧洲),Xi: Irritant;
101646-01-9.html,风险声明 (欧洲),R20/21/22
101646-01-9.html,安全声明 (欧洲),S23
101646-01-9.html,海关编码,2904909090
101646-01-9.html,中文概述,2904909090 其他烃的磺化、硝化、亚硝化衍生物（不论是否卤化）. 增值税率:17.0% 退税率:9.0% 监管条件:无 最惠国关税:5.5% 普通关税:30.0%
101646-01-9.html,申报要素,"品名, 成分含量, 用途"
101646-01-9.html,Summary,"HS:2904909090 sulphonated, nitrated or nitrosated derivatives of hydrocarbons, whether or not halogenated VAT:17.0% Tax rebate rate:9.0% Supervision conditions:none MFN tariff:5.5% General tariff:30.0%"
1017356-25-0.html,中文名,3-((甲基氨基)甲基)哌啶-1-羧酸叔丁酯
1017356-25-0.html,英文名,tert-Butyl 3-[(methylamino)methyl]piperidine-1-carboxylate-oxalate (2:1)
1017356-25-0.html,中文别名,1-Boc-3-[(甲氨基)甲基]哌啶
1017356-25-0.html,英文别名,更多
1017356-25-0.html,密度,0.988 g/cm3
1017356-25-0.html,沸点,301ºC at 760 mmHg
1017356-25-0.html,分子式,C12H24N2O2
1017356-25-0.html,分子量,228.33100
1017356-25-0.html,闪点,135.8ºC
1017356-25-0.html,精确质量,228.18400
1017356-25-0.html,PSA,41.57000
1017356-25-0.html,LogP,2.18170
1017356-25-0.html,储存条件,室温，干燥
1017356-25-0.html,符号,GHS06
1017356-25-0.html,信号词,Danger
1017356-25-0.html,危害声明,H301
1017356-25-0.html,警示性声明,P301 + P310
1017356-25-0.html,危险品运输编码,UN 2811 6.1 / PGIII
102-17-0.html,中文名,苯乙酸茴香酯
102-17-0.html,英文名,(4-methoxyphenyl)methyl 2-phenylacetate
102-17-0.html,英文别名,更多
102-17-0.html,密度,1.129g/cm3
102-17-0.html,沸点,374.8ºC at 760mmHg
102-17-0.html,分子式,C16H16O3
102-17-0.html,分子量,256.29600
102-17-0.html,闪点,157.2ºC
102-17-0.html,精确质量,256.11000
102-17-0.html,PSA,35.53000
102-17-0.html,LogP,2.98110
102-17-0.html,外观性状,液体
102-17-0.html,蒸汽压,8.13E-06mmHg at 25°C
102-17-0.html,折射率,n20/D 1.559
102-17-0.html,储存条件,库房通风低温干燥
102-17-0.html,水溶解性,organic solvents: soluble(lit.)
102-17-0.html,分子结构,1、摩尔折射率：73.372、摩尔体积（cm3/mol）：226.93、等张比容（90.2K）：577.24、表面张力（dyne/cm）：41.85、介电常数：无可用的6、极化率（10-24cm3）：29.087、单一同位素质量：256.109944 Da8、标称质量：256 Da9、平均质量：256.2964 Da
102-17-0.html,计算化学,1、 疏水参数计算参考值（XlogP）：32、 氢键供体数量：03、 氢键受体数量：34、 可旋转化学键数量：65、 互变异构体数量：6、 拓扑分子极性表面积（TPSA）：35.57、 重原子数量：198、 表面电荷：09、 复杂度：26310、 同位素原子数量：011、 确定原子立构中心数量：012、 不确定原子立构中心数量：013、 确定化学键立构中心数量：014、 不确定化学键立构中心数量：015、 共价键单元数量：1
102-17-0.html,更多,"1. 性状：未确定2. 密度（g/mL,25℃）：1.1283. 相对蒸汽密度（g/mL,空气=1）：未确定4. 熔点（ºC）：未确定5. 沸点（ºC,常压）：3706. 沸点（ºC,2.66kPa）：未确定7. 折射率：n  20/D  1.5598. 闪点（ºF）：>2309. 比旋光度（º）：未确定10. 自燃点或引燃温度（ºC）：未确定11. 蒸气压（hPa,20ºC）：未确定12. 饱和蒸气压（kPa,20 ºC）：未确定13. 燃烧热（KJ/mol）：未确定14. 临界温度（ºC）：未确定15. 临界压力（MPa）：未确定16. 油水（辛醇/水）分配系数的对数值：未确定17. 爆炸上限（%,V/V）：未确定18. 爆炸下限（%,V/V）：未确定19. 溶解性：未确定"
102-17-0.html,个人防护装备,Eyeshields;Gloves;half-mask respirator (US);multi-purpose combination respirator cartridge (US)
102-17-0.html,危害码 (欧洲),Xi: Irritant;
102-17-0.html,风险声明 (欧洲),36/37/38
102-17-0.html,安全声明 (欧洲),S26;S36
102-17-0.html,危险品运输编码,NONH for all modes of transport
102-17-0.html,WGK德国,3
102-17-0.html,RTECS号,AJ3000000
102-17-0.html,海关编码,2916399090
102-17-0.html,中文概述,2916399090 其他芳香一元羧酸. 增值税率:17.0% 退税率:9.0% 监管条件:无 最惠国关税:6.5% 普通关税:30.0%
102-17-0.html,申报要素,"品名, 成分含量, 用途, 丙烯酸、丙烯酸盐或酯应报明包装"
102-17-0.html,Summary,"2916399090 other aromatic monocarboxylic acids, their anhydrides, halides, peroxides, peroxyacids and their derivatives VAT:17.0% Tax rebate rate:9.0% Supervision conditions:none MFN tariff:6.5% General tariff:30.0%"
102-17-0.html,疏水参数计算参考值（XlogP）,3
102-17-0.html,氢键供体数量,0
102-17-0.html,氢键受体数量,3
102-17-0.html,可旋转化学键数量,6
102-17-0.html,互变异构体数量,
102-17-0.html,拓扑分子极性表面积（TPSA）,35.5
102-17-0.html,重原子数量,19
102-17-0.html,表面电荷,0
102-17-0.html,复杂度,263
102-17-0.html,同位素原子数量,0
102-17-0.html,确定原子立构中心数量,0
102-17-0.html,不确定原子立构中心数量,0
102-17-0.html,确定化学键立构中心数量,0
102-17-0.html,不确定化学键立构中心数量,0
102-17-0.html,共价键单元数量,1
102-41-0.html,中文名,N-羟乙基-间甲基苯胺
102-41-0.html,英文名,2-(3-methylanilino)ethanol
102-41-0.html,英文别名,更多
102-41-0.html,密度,1.086g/cm3
102-41-0.html,沸点,302.5ºC at 760mmHg
102-41-0.html,熔点,156-159 °C(Press: 10 Torr)
102-41-0.html,分子式,C9H13NO
102-41-0.html,分子量,151.20600
102-41-0.html,闪点,146.6ºC
102-41-0.html,精确质量,151.10000
102-41-0.html,PSA,32.26000
102-41-0.html,LogP,1.47220
102-41-0.html,蒸汽压,0.000434mmHg at 25°C
102-41-0.html,折射率,1.588
102-41-0.html,储存条件,2-8°C
102-41-0.html,分子结构,1、 摩尔折射率：46.852、 摩尔体积（cm3/mol）：139.13、 等张比容（90.2K）：360.34、 表面张力（dyne/cm）：44.95、 极化率（10-24cm3）：18.57
102-41-0.html,计算化学,1.疏水参数计算参考值（XlogP）:1.62.氢键供体数量:23.氢键受体数量:24.可旋转化学键数量:35.互变异构体数量:无6.拓扑分子极性表面积32.37.重原子数量:118.表面电荷:09.复杂度:10610.同位素原子数量:011.确定原子立构中心数量:012.不确定原子立构中心数量:013.确定化学键立构中心数量:014.不确定化学键立构中心数量:015.共价键单元数量:1
102-41-0.html,海关编码,2921499090
102-41-0.html,中文概述,2921499090 其他芳香单胺及衍生物及它们的盐. 增值税率:17.0% 退税率:9.0% 监管条件:无 最惠国关税:6.5% 普通关税:30.0%
102-41-0.html,申报要素,"品名, 成分含量, 用途"
102-41-0.html,Summary,2921499090 other aromatic monoamines and their derivatives; salts thereof VAT:17.0% Tax rebate rate:9.0% Supervision conditions:none MFN tariff:6.5% General tariff:30.0%
102-41-0.html,1.疏水参数计算参考值（XlogP）,1.6
102-41-0.html,2.氢键供体数量,2
102-41-0.html,3.氢键受体数量,2
102-41-0.html,4.可旋转化学键数量,3
102-41-0.html,5.互变异构体数量,无
102-41-0.html,7.重原子数量,11
102-41-0.html,8.表面电荷,0
102-41-0.html,9.复杂度,106
102-41-0.html,10.同位素原子数量,0
102-41-0.html,11.确定原子立构中心数量,0
102-41-0.html,12.不确定原子立构中心数量,0
102-41-0.html,13.确定化学键立构中心数量,0
102-41-0.html,14.不确定化学键立构中心数量,0
102-41-0.html,15.共价键单元数量,1
102185-28-4.html,中文名,4-氨基苯基磷酰氯
102185-28-4.html,英文名,p-aminophenylphosphocholine
102185-28-4.html,英文别名,更多
102185-28-4.html,熔点,270-273ºC
102185-28-4.html,分子式,C11H20ClN2O4P
102185-28-4.html,分子量,310.71400
102185-28-4.html,精确质量,310.08500
102185-28-4.html,PSA,91.59000
102185-28-4.html,外观性状,灰白色粉末
102185-28-4.html,危害码 (欧洲),Xi
102185-28-4.html,海关编码,2923900090
102185-28-4.html,中文概述,2923900090 其他季铵盐及季铵碱。监管条件:无。增值税率:17.0%。退税率:9.0%。最惠国关税:6.5%。普通关税:30.0%
102185-28-4.html,申报要素,"品名, 成分含量, 用途"
102185-28-4.html,Summary,2923900090 other quaternary ammonium salts and hydroxides。Supervision conditions:None。VAT:17.0%。Tax rebate rate:9.0%。MFN tariff:6.5%。General tariff:30.0%
1028-40-6.html,中文名,"3-(4-氯-苯基)-2-硫代-2,3-二氢-1H-喹唑啉-4-酮"
1028-40-6.html,英文名,3-(4-chlorophenyl)-2-sulfanylidene-1H-quinazolin-4-one
1028-40-6.html,中文别名,3-(4-氯苯基)-2-疏基-3H-喹唑啉-4-酮
1028-40-6.html,英文别名,更多
1028-40-6.html,密度,1.5g/cm3
1028-40-6.html,沸点,457.3ºC at 760mmHg
1028-40-6.html,分子式,C14H9ClN2OS
1028-40-6.html,分子量,288.75200
1028-40-6.html,闪点,230.4ºC
1028-40-6.html,精确质量,288.01200
1028-40-6.html,PSA,73.69000
1028-40-6.html,LogP,3.32780
1028-40-6.html,蒸汽压,1.5E-08mmHg at 25°C
1028-40-6.html,折射率,1.753
103-00-4.html,中文名,1-环己基氨基-2-丙醇
103-00-4.html,英文名,1-(cyclohexylamino)propan-2-ol
103-00-4.html,英文别名,更多
103-00-4.html,密度,0.95g/cm3
103-00-4.html,沸点,275.4ºC at 760mmHg
103-00-4.html,分子式,C9H19NO
103-00-4.html,分子量,157.25300
103-00-4.html,闪点,107.1ºC
103-00-4.html,精确质量,157.14700
103-00-4.html,PSA,32.26000
103-00-4.html,LogP,1.68040
103-00-4.html,蒸汽压,0.000641mmHg at 25°C
103-00-4.html,折射率,1.478
103-00-4.html,计算化学,1.疏水参数计算参考值（XlogP）:1.42.氢键供体数量:23.氢键受体数量:24.可旋转化学键数量:35.互变异构体数量:无6.拓扑分子极性表面积32.37.重原子数量:118.表面电荷:09.复杂度:99.710.同位素原子数量:011.确定原子立构中心数量:012.不确定原子立构中心数量:113.确定化学键立构中心数量:014.不确定化学键立构中心数量:015.共价键单元数量:1
103-00-4.html,海关编码,2922199090
103-00-4.html,中文概述,2922199090. 其他氨基醇及其醚，酯和它们的盐（但含一种以上含氧基的除外）. 增值税率:17.0%. 退税率:13.0%. 监管条件:无. 最惠国关税:6.5%. 普通关税:30.0%
103-00-4.html,申报要素,"品名, 成分含量, 用途, 乙醇胺及其盐应报明色度, 乙醇胺及其盐应报明包装"
103-00-4.html,Summary,"2922199090. other amino-alcohols, other than those containing more than one kind of oxygen function, their ethers and esters; salts thereof. VAT:17.0%. Tax rebate rate:13.0%. . MFN tariff:6.5%. General tariff:30.0%"
103-00-4.html,1.疏水参数计算参考值（XlogP）,1.4
103-00-4.html,2.氢键供体数量,2
103-00-4.html,3.氢键受体数量,2
103-00-4.html,4.可旋转化学键数量,3
103-00-4.html,5.互变异构体数量,无
103-00-4.html,7.重原子数量,11
103-00-4.html,8.表面电荷,0
103-00-4.html,9.复杂度,99.7
103-00-4.html,10.同位素原子数量,0
103-00-4.html,11.确定原子立构中心数量,0
103-00-4.html,12.不确定原子立构中心数量,1
103-00-4.html,13.确定化学键立构中心数量,0
103-00-4.html,14.不确定化学键立构中心数量,0
103-00-4.html,15.共价键单元数量,1
1035-51-4.html,中文名,"3-(4-乙氧基苯基)-2-硫氧代-2,3-二氢-4(1h)-喹唑烷酮"
1035-51-4.html,英文名,3-(4-ethoxyphenyl)-2-sulfanylidene-1H-quinazolin-4-one
1035-51-4.html,英文别名,更多
1035-51-4.html,密度,1.36g/cm3
1035-51-4.html,沸点,475.2ºC at 760 mmHg
1035-51-4.html,熔点,>250ºC
1035-51-4.html,分子式,C16H14N2O2S
1035-51-4.html,分子量,298.36000
1035-51-4.html,闪点,241.2ºC
1035-51-4.html,精确质量,298.07800
1035-51-4.html,PSA,79.11000
1035-51-4.html,LogP,3.44700
1035-51-4.html,蒸汽压,3.4E-09mmHg at 25°C
1035-51-4.html,折射率,1.698
1035-51-4.html,危害码 (欧洲),Xi
1035-51-4.html,海关编码,2933990090
1035-51-4.html,中文概述,2933990090. 其他仅含氮杂原子的杂环化合物. 增值税率:17.0%. 退税率:13.0%. 监管条件:无. 最惠国关税:6.5%. 普通关税:20.0%
1035-51-4.html,申报要素,"品名, 成分含量, 用途, 乌洛托品请注明外观, 6－己内酰胺请注明外观, 签约日期"
1035-51-4.html,Summary,2933990090. heterocyclic compounds with nitrogen hetero-atom(s) only. VAT:17.0%. Tax rebate rate:13.0%. . MFN tariff:6.5%. General tariff:20.0%
103626-36-4.html,中文名,"9H-嘌呤-6-胺, n-环戊基-"
103626-36-4.html,英文名,N-cyclopentyl-7H-purin-6-amine
103626-36-4.html,英文别名,更多
103626-36-4.html,分子式,C10H13N5
103626-36-4.html,分子量,203.24400
103626-36-4.html,精确质量,203.11700
103626-36-4.html,PSA,66.49000
103626-36-4.html,LogP,1.78040
1036260-25-9.html,中文名,3-氨基环丁醇盐酸盐
1036260-25-9.html,英文名,3-Aminocyclobutanol hydrochloride
1036260-25-9.html,中文别名,3-氨基环丁酸盐酸盐
1036260-25-9.html,英文别名,更多
1036260-25-9.html,分子式,C4H10ClNO
1036260-25-9.html,分子量,123.581
1036260-25-9.html,精确质量,123.045090
1036260-25-9.html,PSA,46.25000
1036260-25-9.html,LogP,0.97070
1036260-25-9.html,储存条件,2-8°C，保存于惰性气体中
1036260-25-9.html,海关编码,2922199090
1036260-25-9.html,中文概述,2922199090. 其他氨基醇及其醚，酯和它们的盐（但含一种以上含氧基的除外）. 增值税率:17.0%. 退税率:13.0%. 监管条件:无. 最惠国关税:6.5%. 普通关税:30.0%
1036260-25-9.html,申报要素,"品名, 成分含量, 用途, 乙醇胺及其盐应报明色度, 乙醇胺及其盐应报明包装"
1036260-25-9.html,Summary,"2922199090. other amino-alcohols, other than those containing more than one kind of oxygen function, their ethers and esters; salts thereof. VAT:17.0%. Tax rebate rate:13.0%. . MFN tariff:6.5%. General tariff:30.0%"
10390-14-4.html,中文名,2beta-羟基睾酮
10390-14-4.html,英文名,2β-Hydroxy Testosterone
10390-14-4.html,英文别名,更多
10390-14-4.html,密度,1.19g/cm3
10390-14-4.html,沸点,476.2ºC at 760 mmHg
10390-14-4.html,分子式,C19H28O3
10390-14-4.html,分子量,304.42400
10390-14-4.html,闪点,255.9ºC
10390-14-4.html,精确质量,304.20400
10390-14-4.html,PSA,57.53000
10390-14-4.html,LogP,2.85000
10390-14-4.html,蒸汽压,4.56E-11mmHg at 25°C
10390-14-4.html,折射率,1.578
10390-14-4.html,危害码 (欧洲),Xn: Harmful;
10390-14-4.html,风险声明 (欧洲),20/21/22-40-63
10390-14-4.html,安全声明 (欧洲),22-36
104-40-5.html,中文名,对壬基酚
104-40-5.html,英文名,4-nonylphenol
104-40-5.html,中文别名,4-壬基苯酚
104-40-5.html,英文别名,更多
104-40-5.html,密度,0.9±0.1 g/cm3
104-40-5.html,沸点,330.6±11.0 °C at 760 mmHg
104-40-5.html,熔点,43-44°C
104-40-5.html,分子式,C15H24O
104-40-5.html,分子量,220.350
104-40-5.html,闪点,184.2±9.4 °C
104-40-5.html,精确质量,220.182709
104-40-5.html,PSA,20.23000
104-40-5.html,LogP,6.19
104-40-5.html,外观性状,黏的无色液体带有一种像酚一样的气味
104-40-5.html,蒸汽压,0.0±0.7 mmHg at 25°C
104-40-5.html,折射率,1.505
104-40-5.html,储存条件,储存于阴凉、通风的库房。远离火种、热源、水源。保持容器密封。应与氧化剂分开存放，切忌混储。配备相应品种和数量的消防器材。储区应备有合适的材料收容泄漏物。
104-40-5.html,稳定性,避免与氧化物接触。具有腐蚀性和刺激性，能引起烧伤。使用时应穿防护服。
104-40-5.html,分子结构,1、 摩尔折射率：70.112、 摩尔体积（cm3/mol）：236.23、 等张比容（90.2K）：577.34、 表面张力（dyne/cm）：35.65、 介电常数：6、 偶极距（10-24cm3）：7、 极化率：27.79
104-40-5.html,计算化学,1.疏水参数计算参考值（XlogP）:无2.氢键供体数量:13.氢键受体数量:14.可旋转化学键数量:85.互变异构体数量:26.拓扑分子极性表面积20.27.重原子数量:168.表面电荷:09.复杂度:14810.同位素原子数量:011.确定原子立构中心数量:012.不确定原子立构中心数量:013.确定化学键立构中心数量:014.不确定化学键立构中心数量:015.共价键单元数量:1
104-40-5.html,更多,"1. 性状：浅黄色黏稠液体，略有苯酚气味。2. 相对密度（g/mL,20/20℃）：0.9503. 相对蒸汽密度（g/mL,空气=1）：未确定4. 熔点（ºC）：42.55. 沸点（ºC,常压）：180.5206. 常温折射率（n25）：1.492045.57. 折射率：1.5138. 闪点（ºC）：110(开杯)9. 比旋光度（º）：未确定10. 自燃点或引燃温度（ºC）: 未确定11. 蒸气压（mmHg,ºC）：未确定12. 饱和蒸气压（kPa, ºC）：未确定13. 燃烧热（KJ/mol）：未确定14. 临界温度（ºC）：未确定15. 临界压力（KPa）：未确定16. 油水（辛醇/水）分配系数的对数值：未确定17. 爆炸上限（%,V/V）：未确定18. 爆炸下限（%,V/V）：未确定19. 溶解性：溶于苯、苯胺、庚烷、脂肪醇、乙二醇等，几乎不溶于水或稀碱溶液。"
104-40-5.html,符号,"GHS05, GHS07, GHS08, GHS09"
104-40-5.html,信号词,Danger
104-40-5.html,危害声明,H302-H314-H361-H411
104-40-5.html,警示性声明,P260-P280-P301 + P312 + P330-P303 + P361 + P353-P304 + P340 + P310-P305 + P351 + P338
104-40-5.html,个人防护装备,Eyeshields;Faceshields;full-face particle respirator type N100 (US);Gloves;respirator cartridge type N100 (US);type P1 (EN143) respirator filter;type P3 (EN 143) respirator cartridges
104-40-5.html,危害码 (欧洲),C: Corrosive;
104-40-5.html,风险声明 (欧洲),R22;R34;R52/53
104-40-5.html,安全声明 (欧洲),S26-S36/37/39-S45-S61-S60
104-40-5.html,危险品运输编码,UN 3145 8/PG 2
104-40-5.html,WGK德国,3
104-40-5.html,RTECS号,SM5650000
104-40-5.html,包装等级,III
104-40-5.html,危险类别,8
104-40-5.html,海关编码,2907131000
104-40-5.html,中文概述,2907131000 壬基酚、对壬基酚、支链-4-壬基酚〔包括4-壬基苯酚、壬基苯酚〕。监管条件:X(有毒化学品环境管理放行通知单)。增值税率:17.0%。退税率:9.0%。最低关税:5.5%。普通关税:30.0%
104-40-5.html,申报要素,"品名, 成分含量, 用途, 原产地证据文件及编号(例 附原产地证书, 原产于印度、台湾的"
104-40-5.html,监管条件,X.有毒化学品环境管理放行通知单
104-40-5.html,Summary,2907131000 4-nonylphenol。supervision conditions:x(environment control release notice for poisonous chemicals)。VAT:17.0%。tax rebate rate:9.0%。MFN tarrif:5.5%。general tariff:30.0%
104-40-5.html,1.疏水参数计算参考值（XlogP）,无
104-40-5.html,2.氢键供体数量,1
104-40-5.html,3.氢键受体数量,1
104-40-5.html,4.可旋转化学键数量,8
104-40-5.html,5.互变异构体数量,2
104-40-5.html,7.重原子数量,16
104-40-5.html,8.表面电荷,0
104-40-5.html,9.复杂度,148
104-40-5.html,10.同位素原子数量,0
104-40-5.html,11.确定原子立构中心数量,0
104-40-5.html,12.不确定原子立构中心数量,0
104-40-5.html,13.确定化学键立构中心数量,0
104-40-5.html,14.不确定化学键立构中心数量,0
104-40-5.html,15.共价键单元数量,1
104-43-8.html,中文名,4-十二烷基苯酚
104-43-8.html,英文名,4-Dodecylphenol
104-43-8.html,中文别名,对十二烷基苯酚
104-43-8.html,英文别名,更多
104-43-8.html,密度,0.94 g/mL at 25ºC(lit.)
104-43-8.html,沸点,310-335ºC(lit.)
104-43-8.html,分子式,C18H30O
104-43-8.html,分子量,262.43000
104-43-8.html,闪点,>230 °F
104-43-8.html,精确质量,262.23000
104-43-8.html,PSA,20.23000
104-43-8.html,LogP,5.85560
104-43-8.html,外观性状,稻黄色的液体
104-43-8.html,蒸汽压,3.3E-06mmHg at 25°C
104-43-8.html,折射率,n20/D 1.503(lit.)
104-43-8.html,储存条件,室温，存于惰性气体中
104-43-8.html,分子结构,1、 摩尔折射率：84.012、 摩尔体积（cm3/mol）：285.73、 等张比容（90.2K）：696.74、 表面张力（dyne/cm）：35.35、 极化率（10-24cm3）：33.30
104-43-8.html,更多,1.沸点（ºC）：310~3352.闪点（ºC）：>230
104-43-8.html,危害码 (欧洲),C: Corrosive;
104-43-8.html,风险声明 (欧洲),R34
104-43-8.html,安全声明 (欧洲),26-36/37/39-45
104775-66-8.html,中文名,2-氨基-4-氯-N-甲基苯甲酰胺
104775-66-8.html,英文名,2-amino-4-chloro-N-methylbenzamide
104775-66-8.html,英文别名,更多
104775-66-8.html,密度,1.282g/cm3
104775-66-8.html,沸点,353.007ºC at 760 mmHg
104775-66-8.html,分子式,C8H9ClN2O
104775-66-8.html,分子量,184.62300
104775-66-8.html,闪点,167.293ºC
104775-66-8.html,精确质量,184.04000
104775-66-8.html,PSA,55.12000
104775-66-8.html,LogP,2.25390
104775-66-8.html,外观性状,白色到黄色粉末或晶体
104775-66-8.html,蒸汽压,0mmHg at 25°C
104775-66-8.html,折射率,1.596
104775-66-8.html,储存条件,室温， 密封， 干燥， 避光
104775-66-8.html,危害码 (欧洲),Xn
104775-66-8.html,海关编码,2924299090
104775-66-8.html,中文概述,2924299090. 其他环酰胺（包括环氨基甲酸酯）（包括其衍生物以及他们的盐）. 增值税率:17.0%. 退税率:13.0%. 监管条件:无. 最惠国关税:6.5%. 普通关税:30.0%
104775-66-8.html,申报要素,"品名, 成分含量, 用途, 包装"
104775-66-8.html,Summary,2924299090. other cyclic amides (including cyclic carbamates) and their derivatives; salts thereof. VAT:17.0%. Tax rebate rate:13.0%. . MFN tariff:6.5%. General tariff:30.0%
10517-44-9.html,中文名,杜尔贝科改性培养基古氨酰胺
10517-44-9.html,英文名,"1,3-diaminopropane dihydrochloride"
10517-44-9.html,中文别名,"1,3-二氨基丙烷二盐酸盐|丙二胺二盐酸盐|1,3-二氨基丙烷盐酸盐"
10517-44-9.html,英文别名,更多
10517-44-9.html,密度,0.867g/cm3
10517-44-9.html,沸点,135.5ºC at 760mmHg
10517-44-9.html,熔点,246-250 °C(lit.)
10517-44-9.html,分子式,C3H12Cl2N2
10517-44-9.html,分子量,147.047
10517-44-9.html,闪点,48.9ºC
10517-44-9.html,精确质量,146.037750
10517-44-9.html,PSA,52.04000
10517-44-9.html,LogP,2.29850
10517-44-9.html,外观性状,固体;White to Almost white powder to crystal
10517-44-9.html,蒸汽压,7.7mmHg at 25°C
10517-44-9.html,储存条件,密封于阴凉干燥处。
10517-44-9.html,稳定性,遵照规格使用和储存则不会分解。
10517-44-9.html,水溶解性,水溶性：可溶
10517-44-9.html,分子结构,1、摩尔折射率：无可用2、 摩尔体积（cm3/mol）： 无可用3、 等张比容（90.2K）：无可用4、 表面张力（dyne/cm）：无可用
10517-44-9.html,计算化学,1.疏水参数计算参考值（XlogP）:无2.氢键供体数量:43.氢键受体数量:24.可旋转化学键数量:25.互变异构体数量:无6.拓扑分子极性表面积527.重原子数量:78.表面电荷:09.复杂度:12.410.同位素原子数量:011.确定原子立构中心数量:012.不确定原子立构中心数量:013.确定化学键立构中心数量:014.不确定化学键立构中心数量:015.共价键单元数量:3
10517-44-9.html,更多,"1. 性状：无可用2. 密度（g/mL,25/4℃）： 无可用3. 相对蒸汽密度（g/mL,空气=1）：无可用4. 熔点（ºC）：246-2505. 沸点（ºC,常压）：无可用6. 沸点（ºC,5.2kPa）： 无可用7. 折射率： 无可用8. 闪点（ºC）： 无可用9. 比旋光度（º）：无可用10. 自燃点或引燃温度（ºC）：无可用11. 蒸气压（kPa,25ºC）：无可用12. 饱和蒸气压（kPa,60ºC）：无可用13. 燃烧热（KJ/mol）：无可用14. 临界温度（ºC）：无可用15. 临界压力（KPa）：无可用16. 油水（辛醇/水）分配系数的对数值：无可用17. 爆炸上限（%,V/V）：无可用18. 爆炸下限（%,V/V）： 无可用19. 溶解性：无可用"
10517-44-9.html,符号,GHS06
10517-44-9.html,信号词,Danger
10517-44-9.html,危害声明,H301-H311-H315-H319-H331-H335
10517-44-9.html,警示性声明,P261-P280-P301 + P310-P311-P312
10517-44-9.html,危害码 (欧洲),T: Toxic;
10517-44-9.html,风险声明 (欧洲),23/24/25-36/37/38
10517-44-9.html,安全声明 (欧洲),S26-S36-S45
10517-44-9.html,危险品运输编码,UN 2811 6.1/PG 3
10517-44-9.html,WGK德国,3
10517-44-9.html,RTECS号,TX7392500
10517-44-9.html,包装等级,III
10517-44-9.html,危险类别,6.1(b)
10517-44-9.html,海关编码,2921290000
10517-44-9.html,中文概述,2921290000. 其他无环多胺及其衍生物及它们的盐. 增值税率:17.0%. 退税率:9.0%. 监管条件:无. 最惠国关税:6.5%. 普通关税:30.0%
10517-44-9.html,申报要素,"品名, 成分含量, 用途"
10517-44-9.html,Summary,2921290000 other acyclic polyamines and their derivatives; salts thereof。Supervision conditions:None。VAT:17.0%。Tax rebate rate:9.0%。MFN tariff:6.5%。General tariff:30.0%
10517-44-9.html,1.疏水参数计算参考值（XlogP）,无
10517-44-9.html,2.氢键供体数量,4
10517-44-9.html,3.氢键受体数量,2
10517-44-9.html,4.可旋转化学键数量,2
10517-44-9.html,5.互变异构体数量,无
10517-44-9.html,7.重原子数量,7
10517-44-9.html,8.表面电荷,0
10517-44-9.html,9.复杂度,12.4
10517-44-9.html,10.同位素原子数量,0
10517-44-9.html,11.确定原子立构中心数量,0
10517-44-9.html,12.不确定原子立构中心数量,0
10517-44-9.html,13.确定化学键立构中心数量,0
10517-44-9.html,14.不确定化学键立构中心数量,0
10517-44-9.html,15.共价键单元数量,3
10534-86-8.html,中文名,硝酸化钴六胺络合物
10534-86-8.html,英文名,Hexaamminecobalt(III) nitrate
10534-86-8.html,中文别名,六氨合钴(III)硝酸盐
10534-86-8.html,英文别名,更多
10534-86-8.html,密度,1.804
10534-86-8.html,熔点,300-304.2ºC(lit.)
10534-86-8.html,分子式,CoH18N9O9
10534-86-8.html,分子量,347.13100
10534-86-8.html,闪点,>230
10534-86-8.html,精确质量,347.05600
10534-86-8.html,PSA,226.08000
10534-86-8.html,LogP,2.79570
10534-86-8.html,储存条件,密封于阴凉干燥处。
10534-86-8.html,稳定性,遵照规格使用和储存则不会分解。
10534-86-8.html,分子结构,1、摩尔折射率：无可用 2、摩尔体积（cm3/mol）：无可用 3、等张比容（90.2K）：无可用 4、表面张力（dyne/cm）：无可用
10534-86-8.html,计算化学,1.疏水参数计算参考值（XlogP）:无2.氢键供体数量:73.氢键受体数量:94.可旋转化学键数量:05.互变异构体数量:无6.拓扑分子极性表面积727.重原子数量:118.表面电荷:-39.复杂度:28.910.同位素原子数量:011.确定原子立构中心数量:012.不确定原子立构中心数量:013.确定化学键立构中心数量:014.不确定化学键立构中心数量:015.共价键单元数量:8
10534-86-8.html,更多,"1. 性状：黄色粉末。2. 密度（g/mL,25/4℃）：1.8043. 相对蒸汽密度（g/mL,空气=1）：无可用4. 熔点（ºC）：300-304.25. 沸点（ºC,常压）：无可用6. 沸点（ºC,5.2kPa）： 无可用7. 折射率： 1.8048. 闪点（ºC）： 1109. 比旋光度（º）：无可用10. 自燃点或引燃温度（ºC）：29511. 蒸气压（kPa,25ºC）：无可用12. 饱和蒸气压（kPa,60ºC）：无可用13. 燃烧热（KJ/mol）：无可用14. 临界温度（ºC）：无可用15. 临界压力（KPa）：无可用16. 油水（辛醇/水）分配系数的对数值：无可用17. 爆炸上限（%,V/V）：无可用18. 爆炸下限（%,V/V）： 无可用19. 溶解性：可溶于水。"
10534-86-8.html,危害码 (欧洲),Xi
10534-86-8.html,风险声明 (欧洲),R36/37/38
10534-86-8.html,安全声明 (欧洲),S26
10534-86-8.html,危险品运输编码,UN1477
10534-86-8.html,WGK德国,3
10534-86-8.html,包装等级,II
10534-86-8.html,危险类别,5.1
10534-86-8.html,1.疏水参数计算参考值（XlogP）,无
10534-86-8.html,2.氢键供体数量,7
10534-86-8.html,3.氢键受体数量,9
10534-86-8.html,4.可旋转化学键数量,0
10534-86-8.html,5.互变异构体数量,无
10534-86-8.html,7.重原子数量,11
10534-86-8.html,8.表面电荷,-3
10534-86-8.html,9.复杂度,28.9
10534-86-8.html,10.同位素原子数量,0
10534-86-8.html,11.确定原子立构中心数量,0
10534-86-8.html,12.不确定原子立构中心数量,0
10534-86-8.html,13.确定化学键立构中心数量,0
10534-86-8.html,14.不确定化学键立构中心数量,0
10534-86-8.html,15.共价键单元数量,8
105394-83-0.html,中文名,环丙沙星杂质E
105394-83-0.html,英文名,1-cyclopropyl-6-fluoro-7-piperazin-1-ylquinolin-4-one
105394-83-0.html,英文别名,更多
105394-83-0.html,密度,1.327g/cm3
105394-83-0.html,沸点,496.641ºC at 760 mmHg
105394-83-0.html,分子式,C16H18FN3O
105394-83-0.html,分子量,287.33200
105394-83-0.html,闪点,254.159ºC
105394-83-0.html,精确质量,287.14300
105394-83-0.html,PSA,37.27000
105394-83-0.html,LogP,2.27890
105394-83-0.html,蒸汽压,0mmHg at 25°C
105394-83-0.html,折射率,1.631
105394-83-0.html,储存条件,2-8°C， 充氩
105394-83-0.html,海关编码,2933990090
105394-83-0.html,中文概述,2933990090. 其他仅含氮杂原子的杂环化合物. 增值税率:17.0%. 退税率:13.0%. 监管条件:无. 最惠国关税:6.5%. 普通关税:20.0%
105394-83-0.html,申报要素,"品名, 成分含量, 用途, 乌洛托品请注明外观, 6－己内酰胺请注明外观, 签约日期"
105394-83-0.html,Summary,2933990090. heterocyclic compounds with nitrogen hetero-atom(s) only. VAT:17.0%. Tax rebate rate:13.0%. . MFN tariff:6.5%. General tariff:20.0%
10569-35-4.html,中文名,2-苯基-3-(2-噻吩)丙烯酸
10569-35-4.html,英文名,2-phenyl-3-(2-thienyl)acrylic acid
10569-35-4.html,英文别名,更多
10569-35-4.html,密度,1.303g/cm3
10569-35-4.html,沸点,343.7ºC at 760mmHg
10569-35-4.html,熔点,184-186ºC
10569-35-4.html,分子式,C13H10O2S
10569-35-4.html,分子量,230.28200
10569-35-4.html,闪点,161.7ºC
10569-35-4.html,精确质量,230.04000
10569-35-4.html,PSA,65.54000
10569-35-4.html,LogP,3.37330
10569-35-4.html,蒸汽压,2.64E-05mmHg at 25°C
10569-35-4.html,危害码 (欧洲),Xi: Irritant;
10569-35-4.html,海关编码,2934999090
10569-35-4.html,中文概述,2934999090. 其他杂环化合物. 增值税率:17.0%. 退税率:13.0%. 监管条件:无. 最惠国关税:6.5%. 普通关税:20.0%
10569-35-4.html,申报要素,"品名, 成分含量, 用途"
10569-35-4.html,Summary,2934999090. other heterocyclic compounds. VAT:17.0%. Tax rebate rate:13.0%. . MFN tariff:6.5%. General tariff:20.0%
106868-09-1.html,中文名,"2,2-二辛基-1,3-丙二醇"
106868-09-1.html,英文名,"2,2-dioctylpropane-1,3-diol"
106868-09-1.html,中文别名,"9,9-双(羟甲基)十七烷|2,2-二正辛基-1,3-丙二醇|1,3-二羟基-2,2-正辛基丙烷"
106868-09-1.html,英文别名,更多
106868-09-1.html,密度,0.891g/cm3
106868-09-1.html,沸点,424.3ºC at 760 mmHg
106868-09-1.html,分子式,C19H40O2
106868-09-1.html,分子量,300.52000
106868-09-1.html,闪点,180.9ºC
106868-09-1.html,精确质量,300.30300
106868-09-1.html,PSA,40.46000
106868-09-1.html,LogP,5.45860
106868-09-1.html,外观性状,固体;White or Colorless to Almost white or Almost colorless powder to lump to clear liquid
106868-09-1.html,蒸汽压,5.62E-09mmHg at 25°C
106868-09-1.html,折射率,1.464
106868-09-1.html,储存条件,0-10°C
106868-09-1.html,水溶解性,可溶于：甲醇
106868-09-1.html,分子结构,1、摩尔折射率：93.12、摩尔体积（cm3/mol）：337.23、等张比容（90.2K）：816.64、表面张力（dyne/cm）：34.35、介电常数：无可用的6、极化率（10-24cm3）：36.917、单一同位素质量：300.302831 Da8、标称质量：300 Da9、平均质量：300.5197 Da
106868-09-1.html,计算化学,1.疏水参数计算参考值（XlogP）:7.32.氢键供体数量:23.氢键受体数量:24.可旋转化学键数量:165.互变异构体数量:无6.拓扑分子极性表面积40.57.重原子数量:218.表面电荷:09.复杂度:18210.同位素原子数量:011.确定原子立构中心数量:012.不确定原子立构中心数量:013.确定化学键立构中心数量:014.不确定化学键立构中心数量:015.共价键单元数量:1
106868-09-1.html,危险品运输编码,1325.0
106868-09-1.html,危险类别,1.0
106868-09-1.html,海关编码,2905399090
106868-09-1.html,中文概述,"2905399090 其他二元醇。监管条件:AB(入境货物通关单,出境货物通关单)。增值税率:17.0%。退税率:9.0%。最惠国关税:5.5%。普通关税:30.0%"
106868-09-1.html,申报要素,"品名, 成分含量, 用途, 包装"
106868-09-1.html,监管条件,A.入境货物通关单 B.出境货物通关单
106868-09-1.html,检验检疫,R.进口食品卫生监督检验 S.出口食品卫生监督检验 M.进口商品检验 N.出口商品检验
106868-09-1.html,Summary,"2905399090 other diols。supervision conditions:AB(certificate of inspection for goods inward,certificate of inspection for goods outward)。VAT:17.0%。tax rebate rate:9.0%。MFN tariff:5.5%。general tariff:30.0%"
106868-09-1.html,1.疏水参数计算参考值（XlogP）,7.3
106868-09-1.html,2.氢键供体数量,2
106868-09-1.html,3.氢键受体数量,2
106868-09-1.html,4.可旋转化学键数量,16
106868-09-1.html,5.互变异构体数量,无
106868-09-1.html,7.重原子数量,21
106868-09-1.html,8.表面电荷,0
106868-09-1.html,9.复杂度,182
106868-09-1.html,10.同位素原子数量,0
106868-09-1.html,11.确定原子立构中心数量,0
106868-09-1.html,12.不确定原子立构中心数量,0
106868-09-1.html,13.确定化学键立构中心数量,0
106868-09-1.html,14.不确定化学键立构中心数量,0
106868-09-1.html,15.共价键单元数量,1
1092682-87-5.html,中文名,4-氯-3-甲基-1H-吡唑
1092682-87-5.html,英文名,4-Chloro-3-methyl-1H-pyrazole
1092682-87-5.html,英文别名,更多
1092682-87-5.html,密度,1.3±0.1 g/cm3
1092682-87-5.html,沸点,218.1±20.0 °C at 760 mmHg
1092682-87-5.html,分子式,C4H5ClN2
1092682-87-5.html,分子量,116.549
1092682-87-5.html,闪点,106.4±7.4 °C
1092682-87-5.html,精确质量,116.014130
1092682-87-5.html,PSA,28.68000
1092682-87-5.html,LogP,1.72
1092682-87-5.html,蒸汽压,0.2±0.4 mmHg at 25°C
1092682-87-5.html,折射率,1.552
1092682-87-5.html,海关编码,2933199090
1092682-87-5.html,中文概述,2933199090. 其他结构上有非稠合吡唑环化合物. 增值税率:17.0%. 退税率:13.0%. 监管条件:无. 最惠国关税:6.5%. 普通关税:20.0%
1092682-87-5.html,申报要素,"品名, 成分含量, 用途, 乌洛托品请注明外观, 6－己内酰胺请注明外观, 签约日期"
1092682-87-5.html,Summary,2933199090. other compounds containing an unfused pyrazole ring (whether or not hydrogenated) in the structure. VAT:17.0%. Tax rebate rate:13.0%. . MFN tariff:6.5%. General tariff:20.0%
109540-19-4.html,中文名,6-溴-2-(4-甲氧基苯基)喹啉-4-羧酸
109540-19-4.html,英文名,6-Bromo-2-(4-methoxyphenyl)quinoline-4-carboxylic acid
109540-19-4.html,分子式,C17H12BrNO3
109540-19-4.html,分子量,358.18600
109540-19-4.html,精确质量,357.00000
109540-19-4.html,PSA,59.42000
109540-19-4.html,LogP,4.37110
109540-19-4.html,海关编码,2933499090
109540-19-4.html,中文概述,2933499090. 其他含喹琳或异喹啉环系的化合物〔但未进一步稠合的〕. 增值税率:17.0%. 退税率:13.0%. 监管条件:无. 最惠国关税:6.5%. 普通关税:20.0%
109540-19-4.html,申报要素,"品名, 成分含量, 用途, 乌洛托品请注明外观, 6－己内酰胺请注明外观, 签约日期"
109540-19-4.html,Summary,"2933499090. other compounds containing in the structure a quinoline or isoquinoline ring-system (whether or not hydrogenated), not further fused. VAT:17.0%. Tax rebate rate:13.0%. . MFN tariff:6.5%. General tariff:20.0%"
109544-39-0.html,中文名,5-氯甲基-2-(4-氯苯基)-4-甲基噁唑
109544-39-0.html,英文名,"5-(chloromethyl)-2-(4-chlorophenyl)-4-methyl-1,3-oxazole"
109544-39-0.html,英文别名,更多
109544-39-0.html,密度,1.3±0.1 g/cm3
109544-39-0.html,沸点,365.2±52.0 °C at 760 mmHg
109544-39-0.html,分子式,C11H9Cl2NO
109544-39-0.html,分子量,242.101
109544-39-0.html,闪点,174.6±30.7 °C
109544-39-0.html,精确质量,241.006119
109544-39-0.html,PSA,26.03000
109544-39-0.html,LogP,3.85
109544-39-0.html,蒸汽压,0.0±0.8 mmHg at 25°C
109544-39-0.html,折射率,1.564
109544-39-0.html,海关编码,2934999090
109544-39-0.html,中文概述,2934999090. 其他杂环化合物. 增值税率:17.0%. 退税率:13.0%. 监管条件:无. 最惠国关税:6.5%. 普通关税:20.0%
109544-39-0.html,申报要素,"品名, 成分含量, 用途"
109544-39-0.html,Summary,2934999090. other heterocyclic compounds. VAT:17.0%. Tax rebate rate:13.0%. . MFN tariff:6.5%. General tariff:20.0%
109715-12-0.html,中文名,"5-(对甲苯磺酰基)-2,3-O-异丙亚基-2-C-甲基-D-核糖酸-gamma-内酯"
109715-12-0.html,英文名,"5-(p-Toluenesulfonate)-2,3-O-isopropylidene-2-C-methyl-D-ribonic-γ-lactone"
109715-12-0.html,英文别名,更多
109715-12-0.html,密度,1.293
109715-12-0.html,分子式,C15H18O7S
109715-12-0.html,分子量,342.36400
109715-12-0.html,精确质量,342.07700
109715-12-0.html,PSA,96.51000
109715-12-0.html,LogP,2.22660
110514-23-3.html,中文名,"3-(3,5-二甲基哌啶-1-基)-1-丙醇"
110514-23-3.html,英文名,"3-(3,5-dimethylpiperidin-1-yl)propan-1-ol"
110514-23-3.html,密度,0.905g/cm3
110514-23-3.html,沸点,258.1ºC at 760 mmHg
110514-23-3.html,分子式,C10H21NO
110514-23-3.html,分子量,171.28000
110514-23-3.html,闪点,103.3ºC
110514-23-3.html,精确质量,171.16200
110514-23-3.html,PSA,23.47000
110514-23-3.html,LogP,1.28460
110514-23-3.html,蒸汽压,0.00207mmHg at 25°C
110514-23-3.html,折射率,1.457
110514-23-3.html,海关编码,2933399090
110514-23-3.html,中文概述,2933399090. 其他结构含非稠合吡啶环的化合物. 增值税率:17.0%. 退税率:13.0%. 监管条件:无. 最惠国关税:6.5%. 普通关税:20.0%
110514-23-3.html,申报要素,"品名, 成分含量, 用途, 乌洛托品请注明外观, 6－己内酰胺请注明外观, 签约日期"
110514-23-3.html,Summary,2933399090. other compounds containing an unfused pyridine ring (whether or not hydrogenated) in the structure. VAT:17.0%. Tax rebate rate:13.0%. . MFN tariff:6.5%. General tariff:20.0%
111573-59-2.html,中文名,3-二甲氧基甲基-1H-吡唑
111573-59-2.html,英文名,3-(Dimethoxymethyl)-1H-pyrazole
111573-59-2.html,中文别名,吡唑-3-甲醛二甲基乙缩醛|5-二甲氧基甲基-1H-吡唑
111573-59-2.html,英文别名,更多
111573-59-2.html,密度,1.148g/cm3
111573-59-2.html,沸点,224.5ºC at 760mmHg
111573-59-2.html,分子式,C6H10N2O2
111573-59-2.html,分子量,142.15600
111573-59-2.html,闪点,81.6ºC
111573-59-2.html,精确质量,142.07400
111573-59-2.html,PSA,47.14000
111573-59-2.html,LogP,0.70110
111573-59-2.html,蒸汽压,0.136mmHg at 25°C
111573-59-2.html,折射率,1.5
111573-59-2.html,储存条件,2-8°C，保存于惰性气体中
111573-59-2.html,危害码 (欧洲),Xi: Irritant;
111573-59-2.html,海关编码,2933199090
111573-59-2.html,中文概述,2933199090. 其他结构上有非稠合吡唑环化合物. 增值税率:17.0%. 退税率:13.0%. 监管条件:无. 最惠国关税:6.5%. 普通关税:20.0%
111573-59-2.html,申报要素,"品名, 成分含量, 用途, 乌洛托品请注明外观, 6－己内酰胺请注明外观, 签约日期"
111573-59-2.html,Summary,2933199090. other compounds containing an unfused pyrazole ring (whether or not hydrogenated) in the structure. VAT:17.0%. Tax rebate rate:13.0%. . MFN tariff:6.5%. General tariff:20.0%
1119-43-3.html,中文名,"(E,E)-2,4-己二烯二酸二甲酯"
1119-43-3.html,英文名,"trans,trans-Dimethyl muconate"
1119-43-3.html,英文别名,更多
1119-43-3.html,密度,1.099g/cm3
1119-43-3.html,沸点,250.8ºC at 760 mmHg
1119-43-3.html,分子式,C8H10O4
1119-43-3.html,分子量,170.16300
1119-43-3.html,闪点,121.7ºC
1119-43-3.html,精确质量,170.05800
1119-43-3.html,PSA,52.60000
1119-43-3.html,LogP,0.44480
1119-43-3.html,蒸汽压,0.0212mmHg at 25°C
1119-43-3.html,折射率,1.464
1119-43-3.html,海关编码,2917190090
1119-43-3.html,中文概述,2917190090 其他无环多元羧酸. 增值税率:17.0% 退税率:9.0% 监管条件:无 最惠国关税:6.5% 普通关税:30.0%
1119-43-3.html,申报要素,"品名, 成分含量, 用途, 对苯二甲酸请注明4-CBA值, 对苯二甲酸请注明P-TL酸值, 对苯二甲酸请注明色度, 对苯二甲酸请注明水分"
1119-43-3.html,Summary,"2917190090 acyclic polycarboxylic acids, their anhydrides, halides, peroxides, peroxyacids and their derivatives VAT:17.0% Tax rebate rate:9.0% Supervision conditions:none MFN tariff:6.5% General tariff:30.0%"
1119-72-8.html,中文名,"顺,顺-已二烯二酸"
1119-72-8.html,英文名,"cis,cis-muconic acid"
1119-72-8.html,中文别名,"顺式-2,4-已二烯二酸|顺式-已二烯二酸|顺式-己二烯二酸|顺,顺-粘康酸|顺,顺-2,4-己二烯二酸"
1119-72-8.html,英文别名,更多
1119-72-8.html,描述,"cis,cis-Muconic acid,肺炎克雷伯菌的代谢中间体,可以转化为己二酸和对苯二甲酸,它们是合成聚合物的重要单体。cis,cis-Muconic acid 也是一种生物化学材料,可用于生产各种塑料和聚合物,作为己二酸前体可用于合成 nylon-6,6。"
1119-72-8.html,相关类别,研究领域>>其他信号通路>>其他>>其他
1119-72-8.html,参考文献,"[1].Jung HM, et al. Metabolic engineering of Klebsiella pneumoniae for the production of cis,cis-muconic acid. Appl Microbiol Biotechnol. 2015;99(12):5217-5225.[2].Shin WS, et al. Characterization of a non-phosphotransferase system for cis,cis-muconic acid production in Corynebacterium glutamicum. Biochem Biophys Res Commun. 2018;499(2):279-284."
1119-72-8.html,密度,1.4±0.1 g/cm3
1119-72-8.html,沸点,345.4±15.0 °C at 760 mmHg
1119-72-8.html,熔点,194-195ºC(lit.)
1119-72-8.html,分子式,C6H6O4
1119-72-8.html,分子量,142.109
1119-72-8.html,闪点,176.9±16.9 °C
1119-72-8.html,精确质量,142.026611
1119-72-8.html,PSA,74.60000
1119-72-8.html,LogP,-0.21
1119-72-8.html,外观性状,黄色-米色结晶粉末
1119-72-8.html,蒸汽压,0.0±1.6 mmHg at 25°C
1119-72-8.html,折射率,1.549
1119-72-8.html,储存条件,密封储存，储存于阴凉、干燥的库房。远离空气。常用惰性气体保护。
1119-72-8.html,稳定性,常温常压下稳定。
1119-72-8.html,分子结构,1、摩尔折射率：33.092、摩尔体积（cm3/mol）：1043、等张比容（90.2K）：288.84、表面张力（dyne/cm）：59.35、介电常数：无可用的6、极化率（10-24cm3）：13.117、单一同位素质量：142.026609 Da8、标称质量：142 Da9、平均质量：142.1094 Da
1119-72-8.html,计算化学,1、 疏水参数计算参考值（XlogP）：0.22、 氢键供体数量：23、 氢键受体数量：44、 可旋转化学键数量：35、 互变异构体数量：6、 拓扑分子极性表面积（TPSA）：74.67、 重原子数量：108、 表面电荷：09、 复杂度：16810、同位素原子数量：011、确定原子立构中心数量：012、不确定原子立构中心数量：013、确定化学键立构中心数量：214、不确定化学键立构中心数量：015、共价键单元数量：1
1119-72-8.html,更多,"1. 性状：浅棕色粉末2. 密度（g/mL,25℃）：未确定3. 相对蒸汽密度（g/mL,空气=1）：未确定4. 熔点（ºC）：194-1955. 沸点（ºC,常压）：未确定6. 沸点（ºC,9mmHg）：未确定7. 折射率(n20/D)：未确定8. 闪点（ºC）：未确定9. 比旋光度（º）：未确定10. 自燃点或引燃温度（ºC）：未确定11. 蒸气压（kPa,55ºC）：未确定12. 饱和蒸气压（kPa,25ºC）：未确定13. 燃烧热（KJ/mol）：未确定14. 临界温度（ºC）：未确定15. 临界压力（KPa）：未确定16. 油水（辛醇/水）分配系数的对数值：0.77617. 爆炸上限（%,V/V）：未确定18. 爆炸下限（%,V/V）：未确定19. 溶解性：未确定"
1119-72-8.html,符号,GHS07
1119-72-8.html,信号词,Warning
1119-72-8.html,危害声明,H302-H315-H319-H335
1119-72-8.html,警示性声明,P261-P305 + P351 + P338
1119-72-8.html,个人防护装备,dust mask type N95 (US);Eyeshields;Faceshields;Gloves
1119-72-8.html,危害码 (欧洲),Xn: Harmful;
1119-72-8.html,风险声明 (欧洲),R22
1119-72-8.html,安全声明 (欧洲),26
1119-72-8.html,危险品运输编码,NONH for all modes of transport
1119-72-8.html,WGK德国,3
1119-72-8.html,海关编码,2917190090
1119-72-8.html,中文概述,2917190090 其他无环多元羧酸. 增值税率:17.0% 退税率:9.0% 监管条件:无 最惠国关税:6.5% 普通关税:30.0%
1119-72-8.html,申报要素,"品名, 成分含量, 用途, 对苯二甲酸请注明4-CBA值, 对苯二甲酸请注明P-TL酸值, 对苯二甲酸请注明色度, 对苯二甲酸请注明水分"
1119-72-8.html,Summary,"2917190090 acyclic polycarboxylic acids, their anhydrides, halides, peroxides, peroxyacids and their derivatives VAT:17.0% Tax rebate rate:9.0% Supervision conditions:none MFN tariff:6.5% General tariff:30.0%"
1119-72-8.html,疏水参数计算参考值（XlogP）,0.2
1119-72-8.html,氢键供体数量,2
1119-72-8.html,氢键受体数量,4
1119-72-8.html,可旋转化学键数量,3
1119-72-8.html,互变异构体数量,
1119-72-8.html,拓扑分子极性表面积（TPSA）,74.6
1119-72-8.html,重原子数量,10
1119-72-8.html,表面电荷,0
1119-72-8.html,复杂度,168
1119-72-8.html,同位素原子数量,0
1119-72-8.html,确定原子立构中心数量,0
1119-72-8.html,不确定原子立构中心数量,0
1119-72-8.html,确定化学键立构中心数量,2
1119-72-8.html,不确定化学键立构中心数量,0
1119-72-8.html,共价键单元数量,1
1120214-92-7.html,中文名,"4-氯吡咯并[2,1-f][1,2,4]三嗪-2-羧酸乙酯"
1120214-92-7.html,英文名,"Ethyl 4-chloropyrrolo[2,1-f][1,2,4]triazine-2-carboxylate"
1120214-92-7.html,英文别名,更多
1120214-92-7.html,密度,1.5±0.1 g/cm3
1120214-92-7.html,分子式,C9H8ClN3O2
1120214-92-7.html,分子量,225.632
1120214-92-7.html,精确质量,225.030502
1120214-92-7.html,PSA,56.49000
1120214-92-7.html,LogP,1.79
1120214-92-7.html,折射率,1.648
1124-16-9.html,中文名,2-异丙基-5-甲基2H-吡唑-3-基胺
1124-16-9.html,英文名,1-Isopropyl-3-methyl-1H-pyrazol-5-amine
1124-16-9.html,中文别名,2-异丙基-5-甲基-2H-吡唑-3-胺|1-异丙基-3-甲基-5-氨基吡唑
1124-16-9.html,英文别名,更多
1124-16-9.html,密度,1.1±0.1 g/cm3
1124-16-9.html,沸点,245.4±20.0 °C at 760 mmHg
1124-16-9.html,分子式,C7H13N3
1124-16-9.html,分子量,139.198
1124-16-9.html,闪点,102.2±21.8 °C
1124-16-9.html,精确质量,139.110947
1124-16-9.html,PSA,43.84000
1124-16-9.html,LogP,0.89
1124-16-9.html,蒸汽压,0.0±0.5 mmHg at 25°C
1124-16-9.html,折射率,1.557
1124-16-9.html,储存条件,室温，干燥
1124-16-9.html,分子结构,1、 摩尔折射率：43.132、 摩尔体积（cm3/mol）：144.63、 等张比容（90.2K）：332.24、 表面张力（dyne/cm）：27.85、 极化率（10-24cm3）：17.09
1124-16-9.html,计算化学,1.疏水参数计算参考值（XlogP）:12.氢键供体数量:13.氢键受体数量:24.可旋转化学键数量:15.互变异构体数量:36.拓扑分子极性表面积43.87.重原子数量:108.表面电荷:09.复杂度:11310.同位素原子数量:011.确定原子立构中心数量:012.不确定原子立构中心数量:013.确定化学键立构中心数量:014.不确定化学键立构中心数量:015.共价键单元数量:1
1124-16-9.html,符号,GHS06
1124-16-9.html,信号词,Danger
1124-16-9.html,危害声明,H301
1124-16-9.html,警示性声明,P301 + P310
1124-16-9.html,危害码 (欧洲),Xi
1124-16-9.html,危险品运输编码,UN 2811 6.1 / PGIII
1124-16-9.html,海关编码,2933199090
1124-16-9.html,中文概述,2933199090. 其他结构上有非稠合吡唑环化合物. 增值税率:17.0%. 退税率:13.0%. 监管条件:无. 最惠国关税:6.5%. 普通关税:20.0%
1124-16-9.html,申报要素,"品名, 成分含量, 用途, 乌洛托品请注明外观, 6－己内酰胺请注明外观, 签约日期"
1124-16-9.html,Summary,2933199090. other compounds containing an unfused pyrazole ring (whether or not hydrogenated) in the structure. VAT:17.0%. Tax rebate rate:13.0%. . MFN tariff:6.5%. General tariff:20.0%
1124-16-9.html,1.疏水参数计算参考值（XlogP）,1
1124-16-9.html,2.氢键供体数量,1
1124-16-9.html,3.氢键受体数量,2
1124-16-9.html,4.可旋转化学键数量,1
1124-16-9.html,5.互变异构体数量,3
1124-16-9.html,7.重原子数量,10
1124-16-9.html,8.表面电荷,0
1124-16-9.html,9.复杂度,113
1124-16-9.html,10.同位素原子数量,0
1124-16-9.html,11.确定原子立构中心数量,0
1124-16-9.html,12.不确定原子立构中心数量,0
1124-16-9.html,13.确定化学键立构中心数量,0
1124-16-9.html,14.不确定化学键立构中心数量,0
1124-16-9.html,15.共价键单元数量,1
1129-42-6.html,中文名,(6-甲基-2-氧代-4-六氢-嘧啶基)脲
1129-42-6.html,英文名,"(6-methyl-2-oxo-1,3-diazinan-4-yl)urea"
1129-42-6.html,中文别名,1-(6-甲基-2-氧代六氢嘧啶-4-基)脲
1129-42-6.html,英文别名,更多
1129-42-6.html,密度,1.3g/cm3
1129-42-6.html,沸点,454.3ºC at 760mmHg
1129-42-6.html,分子式,C6H12N4O2
1129-42-6.html,分子量,172.18500
1129-42-6.html,闪点,228.5ºC
1129-42-6.html,精确质量,172.09600
1129-42-6.html,PSA,96.25000
1129-42-6.html,LogP,0.82100
1129-42-6.html,蒸汽压,1.93E-08mmHg at 25°C
1129-42-6.html,折射率,1.557
1129-42-6.html,分子结构,1、 摩尔折射率：42.542、 摩尔体积（cm3/mol）：132.03、 等张比容（90.2K）：361.44、 表面张力（dyne/cm）：56.05、 极化率（10-24cm3）：16.86
1129-42-6.html,计算化学,1.疏水参数计算参考值（XlogP）:-1.22.氢键供体数量:43.氢键受体数量:24.可旋转化学键数量:15.互变异构体数量:96.拓扑分子极性表面积96.27.重原子数量:128.表面电荷:09.复杂度:20610.同位素原子数量:011.确定原子立构中心数量:012.不确定原子立构中心数量:213.确定化学键立构中心数量:014.不确定化学键立构中心数量:015.共价键单元数量:1
1129-42-6.html,更多,"1.密度（g/cm3）：1.32.沸点（760 mmHg,ºC）：454.33.闪点（ºC）：228.5"
1129-42-6.html,海关编码,2933599090
1129-42-6.html,中文概述,2933599090. 其他结构上有嘧啶环的化合物(包括其他结构上有哌嗪环的化合物. 增值税率:17.0%. 退税率:13.0%. 监管条件:无. 最惠国关税:6.5%. 普通关税:20.0%
1129-42-6.html,申报要素,"品名, 成分含量, 用途, 乌洛托品请注明外观, 6－己内酰胺请注明外观, 签约日期"
1129-42-6.html,Summary,2933599090. other compounds containing a pyrimidine ring (whether or not hydrogenated) or piperazine ring in the structure. VAT:17.0%. Tax rebate rate:13.0%. . MFN tariff:6.5%. General tariff:20.0%
1129-42-6.html,1.疏水参数计算参考值（XlogP）,-1.2
1129-42-6.html,2.氢键供体数量,4
1129-42-6.html,3.氢键受体数量,2
1129-42-6.html,4.可旋转化学键数量,1
1129-42-6.html,5.互变异构体数量,9
1129-42-6.html,7.重原子数量,12
1129-42-6.html,8.表面电荷,0
1129-42-6.html,9.复杂度,206
1129-42-6.html,10.同位素原子数量,0
1129-42-6.html,11.确定原子立构中心数量,0
1129-42-6.html,12.不确定原子立构中心数量,2
1129-42-6.html,13.确定化学键立构中心数量,0
1129-42-6.html,14.不确定化学键立构中心数量,0
1129-42-6.html,15.共价键单元数量,1
1134-87-8.html,中文名,"3-苄基-2,4-戊二酮"
1134-87-8.html,英文名,"3-benzylpentane-2,4-dione"
1134-87-8.html,英文别名,更多
1134-87-8.html,密度,1.04g/cm3
1134-87-8.html,沸点,285.3ºC at 760mmHg
1134-87-8.html,分子式,C12H14O2
1134-87-8.html,分子量,190.23800
1134-87-8.html,闪点,106.2ºC
1134-87-8.html,精确质量,190.09900
1134-87-8.html,PSA,34.14000
1134-87-8.html,LogP,2.02330
1134-87-8.html,蒸汽压,0.00282mmHg at 25°C
1134-87-8.html,折射率,1.506
1134-87-8.html,分子结构,1、 摩尔折射率：54.352、 摩尔体积（cm3/mol）：54.353、 等张比容（90.2K）：450.54、 表面张力（dyne/cm）：：36.85、 极化率（10-24cm3）：21.54
1134-87-8.html,计算化学,1.疏水参数计算参考值（XlogP）:无2.氢键供体数量:03.氢键受体数量:24.可旋转化学键数量:45.互变异构体数量:56.拓扑分子极性表面积34.17.重原子数量:148.表面电荷:09.复杂度:20010.同位素原子数量:011.确定原子立构中心数量:012.不确定原子立构中心数量:013.确定化学键立构中心数量:014.不确定化学键立构中心数量:015.共价键单元数量:1
1134-87-8.html,更多,"1.密度（g/cm3）：1.042.沸点（760 mmHg,ºC）：285.33.闪点（ºC）：106.2"
1134-87-8.html,海关编码,2914399090
1134-87-8.html,中文概述,2914399090. 其他不含其他含氧基的芳香酮. 增值税率:17.0%. 退税率:13.0%. 监管条件:无. 最惠国关税:5.5%. 普通关税:30.0%
1134-87-8.html,申报要素,"品名, 成分含量, 用途, 丙酮报明包装"
1134-87-8.html,Summary,2914399090. other aromatic ketones without other oxygen function. VAT:17.0%. Tax rebate rate:13.0%. . MFN tariff:5.5%. General tariff:30.0%
1134-87-8.html,1.疏水参数计算参考值（XlogP）,无
1134-87-8.html,2.氢键供体数量,0
1134-87-8.html,3.氢键受体数量,2
1134-87-8.html,4.可旋转化学键数量,4
1134-87-8.html,5.互变异构体数量,5
1134-87-8.html,7.重原子数量,14
1134-87-8.html,8.表面电荷,0
1134-87-8.html,9.复杂度,200
1134-87-8.html,10.同位素原子数量,0
1134-87-8.html,11.确定原子立构中心数量,0
1134-87-8.html,12.不确定原子立构中心数量,0
1134-87-8.html,13.确定化学键立构中心数量,0
1134-87-8.html,14.不确定化学键立构中心数量,0
1134-87-8.html,15.共价键单元数量,1
113994-37-9.html,中文名,去甲氨氯地平
113994-37-9.html,英文名,Desmethyl amolodipine
113994-37-9.html,中文别名,"2-[(2-氨基乙氧基)甲基]-4-(2-氯苯基)-1,4-二氢-6-甲基-3,5-吡啶二甲酸 3-乙酯"
113994-37-9.html,英文别名,更多
113994-37-9.html,密度,1.283
113994-37-9.html,熔点,168-170ºC
113994-37-9.html,分子式,C19H23ClN2O5
113994-37-9.html,分子量,394.84900
113994-37-9.html,精确质量,394.13000
113994-37-9.html,PSA,110.88000
113994-37-9.html,LogP,3.20700
116-49-4.html,中文名,甘铋胂
116-49-4.html,英文名,[4-[(2-hydroxyacetyl)amino]phenyl]-oxobismuthanyloxyarsinic acid
116-49-4.html,英文别名,更多
116-49-4.html,分子式,C8H9AsBiNO6
116-49-4.html,分子量,499.06200
116-49-4.html,精确质量,498.94500
116-49-4.html,PSA,112.93000
116-49-4.html,计算化学,1.疏水参数计算参考值（XlogP）:无2.氢键供体数量:33.氢键受体数量:64.可旋转化学键数量:45.互变异构体数量:46.拓扑分子极性表面积1137.重原子数量:178.表面电荷:09.复杂度:33010.同位素原子数量:011.确定原子立构中心数量:012.不确定原子立构中心数量:013.确定化学键立构中心数量:014.不确定化学键立构中心数量:015.共价键单元数量:1
116-49-4.html,1.疏水参数计算参考值（XlogP）,无
116-49-4.html,2.氢键供体数量,3
116-49-4.html,3.氢键受体数量,6
116-49-4.html,4.可旋转化学键数量,4
116-49-4.html,5.互变异构体数量,4
116-49-4.html,7.重原子数量,17
116-49-4.html,8.表面电荷,0
116-49-4.html,9.复杂度,330
116-49-4.html,10.同位素原子数量,0
116-49-4.html,11.确定原子立构中心数量,0
116-49-4.html,12.不确定原子立构中心数量,0
116-49-4.html,13.确定化学键立构中心数量,0
116-49-4.html,14.不确定化学键立构中心数量,0
116-49-4.html,15.共价键单元数量,1
1160-77-6.html,中文名,"3-羟基苯甲醛-2,4-二硝基苯肼"
1160-77-6.html,英文名,"3-[(E)-[(2,4-dinitrophenyl)hydrazinylidene]methyl]phenol"
1160-77-6.html,英文别名,更多
1160-77-6.html,密度,1.49g/cm3
1160-77-6.html,沸点,526.2ºC at 760mmHg
1160-77-6.html,分子式,C13H10N4O5
1160-77-6.html,分子量,302.24200
1160-77-6.html,闪点,272ºC
1160-77-6.html,精确质量,302.06500
1160-77-6.html,PSA,136.26000
1160-77-6.html,LogP,3.77400
1160-77-6.html,蒸汽压,0mmHg at 25°C
1160-77-6.html,折射率,1.671
1160-77-6.html,分子结构,1、 摩尔折射率：75.632、 摩尔体积（cm3/mol）：202.33、 等张比容（90.2K）：582.74、 表面张力（dyne/cm）：68.85、 极化率（10-24cm3）：29.98
1160-77-6.html,计算化学,1.疏水参数计算参考值（XlogP）:无2.氢键供体数量:23.氢键受体数量:74.可旋转化学键数量:35.互变异构体数量:96.拓扑分子极性表面积1367.重原子数量:228.表面电荷:09.复杂度:43310.同位素原子数量:011.确定原子立构中心数量:012.不确定原子立构中心数量:013.确定化学键立构中心数量:114.不确定化学键立构中心数量:015.共价键单元数量:1
1160-77-6.html,更多,"1.密度（g/cm3）：1.492.沸点（760 mmHg,ºC）：526.23.闪点（ºC）：272"
1160-77-6.html,海关编码,2928000090
1160-77-6.html,中文概述,2928000090 其他肼（联氨）及胲（羟胺）的有机衍生物。监管条件:无。增值税率:17.0%。退税率:9.0%。最惠国关税:6.5%。普通关税:20.0%
1160-77-6.html,申报要素,"品名, 成分含量, 用途"
1160-77-6.html,Summary,2928000090 other organic derivatives of hydrazine or of hydroxylamine VAT:17.0% Tax rebate rate:9.0% Supervision conditions:none MFN tariff:6.5% General tariff:20.0%
1160-77-6.html,1.疏水参数计算参考值（XlogP）,无
1160-77-6.html,2.氢键供体数量,2
1160-77-6.html,3.氢键受体数量,7
1160-77-6.html,4.可旋转化学键数量,3
1160-77-6.html,5.互变异构体数量,9
1160-77-6.html,7.重原子数量,22
1160-77-6.html,8.表面电荷,0
1160-77-6.html,9.复杂度,433
1160-77-6.html,10.同位素原子数量,0
1160-77-6.html,11.确定原子立构中心数量,0
1160-77-6.html,12.不确定原子立构中心数量,0
1160-77-6.html,13.确定化学键立构中心数量,1
1160-77-6.html,14.不确定化学键立构中心数量,0
1160-77-6.html,15.共价键单元数量,1
117291-16-4.html,中文名,"3-(4-氟苯基)-3-[(2,2,2-三氟乙酰基)氨基]丙酸"
117291-16-4.html,英文名,"3-(4-fluorophenyl)-3-[(2,2,2-trifluoroacetyl)amino]propanoic acid"
117291-16-4.html,英文别名,更多
117291-16-4.html,密度,1.441g/cm3
117291-16-4.html,沸点,393.5ºC at 760mmHg
117291-16-4.html,熔点,135-137ºC
117291-16-4.html,分子式,C11H9F4NO3
117291-16-4.html,分子量,279.18800
117291-16-4.html,闪点,191.8ºC
117291-16-4.html,精确质量,279.05200
117291-16-4.html,PSA,66.40000
117291-16-4.html,LogP,2.41090
117291-16-4.html,蒸汽压,6.71E-07mmHg at 25°C
117291-16-4.html,危害码 (欧洲),Xi: Irritant;
117291-16-4.html,海关编码,2924299090
117291-16-4.html,中文概述,2924299090. 其他环酰胺（包括环氨基甲酸酯）（包括其衍生物以及他们的盐）. 增值税率:17.0%. 退税率:13.0%. 监管条件:无. 最惠国关税:6.5%. 普通关税:30.0%
117291-16-4.html,申报要素,"品名, 成分含量, 用途, 包装"
117291-16-4.html,Summary,2924299090. other cyclic amides (including cyclic carbamates) and their derivatives; salts thereof. VAT:17.0%. Tax rebate rate:13.0%. . MFN tariff:6.5%. General tariff:30.0%
117565-57-8.html,中文名,1-Boc-3-乙基-4-哌啶酮
117565-57-8.html,英文名,tert-butyl 3-ethyl-4-oxopiperidine-1-carboxylate
117565-57-8.html,英文别名,更多
117565-57-8.html,分子式,C12H21NO3
117565-57-8.html,分子量,227.30000
117565-57-8.html,精确质量,227.15200
117565-57-8.html,PSA,46.61000
117565-57-8.html,LogP,2.16040
117565-57-8.html,储存条件,室温，保存在惰性气体中
117565-57-8.html,海关编码,2933399090
117565-57-8.html,中文概述,2933399090. 其他结构含非稠合吡啶环的化合物. 增值税率:17.0%. 退税率:13.0%. 监管条件:无. 最惠国关税:6.5%. 普通关税:20.0%
117565-57-8.html,申报要素,"品名, 成分含量, 用途, 乌洛托品请注明外观, 6－己内酰胺请注明外观, 签约日期"
117565-57-8.html,Summary,2933399090. other compounds containing an unfused pyridine ring (whether or not hydrogenated) in the structure. VAT:17.0%. Tax rebate rate:13.0%. . MFN tariff:6.5%. General tariff:20.0%
1177350-90-1.html,中文名,1-(3-甲氧基苯基)-1H-吡唑-4-羧酸
1177350-90-1.html,英文名,1-(3-Methoxyphenyl)-1H-pyrazole-4-carboxylic acid
1177350-90-1.html,英文别名,更多
1177350-90-1.html,分子式,C11H10N2O3
1177350-90-1.html,分子量,218.20900
1177350-90-1.html,精确质量,218.06900
1177350-90-1.html,PSA,64.35000
1177350-90-1.html,LogP,1.57910
1177350-90-1.html,储存条件,2-8°C
1177350-90-1.html,海关编码,2933199090
1177350-90-1.html,中文概述,2933199090. 其他结构上有非稠合吡唑环化合物. 增值税率:17.0%. 退税率:13.0%. 监管条件:无. 最惠国关税:6.5%. 普通关税:20.0%
1177350-90-1.html,申报要素,"品名, 成分含量, 用途, 乌洛托品请注明外观, 6－己内酰胺请注明外观, 签约日期"
1177350-90-1.html,Summary,2933199090. other compounds containing an unfused pyrazole ring (whether or not hydrogenated) in the structure. VAT:17.0%. Tax rebate rate:13.0%. . MFN tariff:6.5%. General tariff:20.0%
117903-79-4.html,中文名,"(1R,2R)-(+)-1,2-二(4-硝基苯基)乙二胺二盐酸盐"
117903-79-4.html,英文名,"(1R,2R)-1,2-bis(4-nitrophenyl)ethane-1,2-diamine,dihydrochloride"
117903-79-4.html,分子式,C14H16Cl2N4O4
117903-79-4.html,分子量,375.20700
117903-79-4.html,精确质量,374.05500
117903-79-4.html,PSA,143.68000
117903-79-4.html,LogP,6.25380
117903-79-4.html,储存条件,密闭于阴凉干燥环境中
117903-79-4.html,稳定性,遵照规定使用和储存则不会分解。
117903-79-4.html,分子结构,1、摩尔折射率：无可用2、 摩尔体积（cm3/mol）：无可用3、 等张比容（90.2K）：无可用4、 表面张力（dyne/cm）：无可用5、 极化率：无可用
117903-79-4.html,计算化学,1.疏水参数计算参考值（XlogP）:无2.氢键供体数量:43.氢键受体数量:64.可旋转化学键数量:35.互变异构体数量:无6.拓扑分子极性表面积1447.重原子数量:248.表面电荷:09.复杂度:35510.同位素原子数量:011.确定原子立构中心数量:212.不确定原子立构中心数量:013.确定化学键立构中心数量:014.不确定化学键立构中心数量:015.共价键单元数量:3
117903-79-4.html,更多,"1. 性状：无可用2. 密度（g/mL,25/4℃）：无可用3. 相对蒸汽密度（g/mL,空气=1）：无可用4. 熔点（ºC）：无可用5. 沸点（ºC,常压）：无可用6. 沸点（ºC,5.2kPa）：无可用7. 折射率：无可用8. 闪点（ºC）：无可用9. 比旋光度（º）：无可用10. 自燃点或引燃温度（ºC）：无可用11. 蒸气压（kPa,25ºC）：无可用12. 饱和蒸气压（kPa,60ºC）：无可用13. 燃烧热（KJ/mol）：无可用14. 临界温度（ºC）：无可用15. 临界压力（KPa）：无可用16. 油水（辛醇/水）分配系数的对数值：无可用17. 爆炸上限（%,V/V）：无可用18. 爆炸下限（%,V/V）：无可用19. 溶解性：无可用"
117903-79-4.html,1.疏水参数计算参考值（XlogP）,无
117903-79-4.html,2.氢键供体数量,4
117903-79-4.html,3.氢键受体数量,6
117903-79-4.html,4.可旋转化学键数量,3
117903-79-4.html,5.互变异构体数量,无
117903-79-4.html,7.重原子数量,24
117903-79-4.html,8.表面电荷,0
117903-79-4.html,9.复杂度,355
117903-79-4.html,10.同位素原子数量,0
117903-79-4.html,11.确定原子立构中心数量,2
117903-79-4.html,12.不确定原子立构中心数量,0
117903-79-4.html,13.确定化学键立构中心数量,0
117903-79-4.html,14.不确定化学键立构中心数量,0
117903-79-4.html,15.共价键单元数量,3
1179361-81-9.html,中文名,6-氯-7-氟-1-茚酮
1179361-81-9.html,英文名,"6-chloro-7-fluoro-2,3-dihydroinden-1-one"
1179361-81-9.html,英文别名,更多
1179361-81-9.html,分子式,C9H6ClFO
1179361-81-9.html,分子量,184.59500
1179361-81-9.html,精确质量,184.00900
1179361-81-9.html,PSA,17.07000
1179361-81-9.html,LogP,2.60800
1187830-58-5.html,中文名,"5,6,7,8-四氢-1,2,4-噻唑并[4,3-a]吡嗪-3-羧酸乙酯盐酸盐"
1187830-58-5.html,英文名,"Ethyl 5,6,7,8-tetrahydro-[1,2,4]triazolo[4,3-a]pyrazine-3-carboxylate hydrochloride"
1187830-58-5.html,英文别名,更多
1187830-58-5.html,分子式,C8H13ClN4O2
1187830-58-5.html,分子量,232.667
1187830-58-5.html,精确质量,232.072708
1187830-58-5.html,PSA,69.04000
1187830-58-5.html,LogP,0.68880
1187830-58-5.html,储存条件,室温，干燥密封
1187830-58-5.html,海关编码,2933990090
1187830-58-5.html,中文概述,2933990090. 其他仅含氮杂原子的杂环化合物. 增值税率:17.0%. 退税率:13.0%. 监管条件:无. 最惠国关税:6.5%. 普通关税:20.0%
1187830-58-5.html,申报要素,"品名, 成分含量, 用途, 乌洛托品请注明外观, 6－己内酰胺请注明外观, 签约日期"
1187830-58-5.html,Summary,2933990090. heterocyclic compounds with nitrogen hetero-atom(s) only. VAT:17.0%. Tax rebate rate:13.0%. . MFN tariff:6.5%. General tariff:20.0%
1190-93-8.html,中文名,S-乙酰巯基乙酸
1190-93-8.html,英文名,S-Acetylthioacetic Acid
1190-93-8.html,中文别名,2-(乙酰基硫基)乙酸|S-乙酰硫基乙酸|乙酰硫基乙酸|(乙酰基硫代)乙酸
1190-93-8.html,英文别名,更多
1190-93-8.html,密度,1.337g/cm3
1190-93-8.html,沸点,251.1ºC at 760mmHg
1190-93-8.html,分子式,C4H6O3S
1190-93-8.html,分子量,134.15400
1190-93-8.html,闪点,105.6ºC
1190-93-8.html,精确质量,134.00400
1190-93-8.html,PSA,79.67000
1190-93-8.html,LogP,0.35070
1190-93-8.html,蒸汽压,0.00659mmHg at 25°C
1190-93-8.html,折射率,1.513
1190-93-8.html,储存条件,密封避光保存。
1190-93-8.html,计算化学,1.疏水参数计算参考值（XlogP）:0.32.氢键供体数量:13.氢键受体数量:44.可旋转化学键数量:35.互变异构体数量:无6.拓扑分子极性表面积79.77.重原子数量:88.表面电荷:09.复杂度:11010.同位素原子数量:011.确定原子立构中心数量:012.不确定原子立构中心数量:013.确定化学键立构中心数量:014.不确定化学键立构中心数量:015.共价键单元数量:1
1190-93-8.html,更多,"1. 性状：黄色油状液体。2. 密度（g/mL,25/4℃）：1.4843. 相对蒸汽密度（g/mL,空气=1）：未确定4. 熔点（ºC）：未确定5. 沸点（ºC,常压）：未确定6. 沸点（ºC, 2kPa）：158-1597. 折射率：未确定8. 闪点（ºC）：未确定9. 比旋光度（º ，C=10，水中）：未确定10. 自燃点或引燃温度（ºC）：未确定11. 蒸气压（kPa,25ºC）：未确定12. 饱和蒸气压（kPa,60ºC）：未确定13. 燃烧热（KJ/mol）：未确定14. 临界温度（ºC）：未确定15. 临界压力（KPa）：未确定16. 油水（辛醇/水）分配系数的对数值：未确定17. 爆炸上限（%,V/V）：未确定18. 爆炸下限（%,V/V）：未确定19. 溶解性：未确定。"
1190-93-8.html,危害码 (欧洲),T+
1190-93-8.html,海关编码,2930909090
1190-93-8.html,中文概述,2930909090. 其他有机硫化合物. 增值税率:17.0%. 退税率:13.0%. 监管条件:无. 最惠国关税:6.5%. 普通关税:30.0%
1190-93-8.html,申报要素,"品名, 成分含量, 用途"
1190-93-8.html,Summary,2930909090. other organo-sulphur compounds. VAT:17.0%. Tax rebate rate:13.0%. . MFN tariff:6.5%. General tariff:30.0%
1190-93-8.html,1.疏水参数计算参考值（XlogP）,0.3
1190-93-8.html,2.氢键供体数量,1
1190-93-8.html,3.氢键受体数量,4
1190-93-8.html,4.可旋转化学键数量,3
1190-93-8.html,5.互变异构体数量,无
1190-93-8.html,7.重原子数量,8
1190-93-8.html,8.表面电荷,0
1190-93-8.html,9.复杂度,110
1190-93-8.html,10.同位素原子数量,0
1190-93-8.html,11.确定原子立构中心数量,0
1190-93-8.html,12.不确定原子立构中心数量,0
1190-93-8.html,13.确定化学键立构中心数量,0
1190-93-8.html,14.不确定化学键立构中心数量,0
1190-93-8.html,15.共价键单元数量,1
1190927-80-0.html,中文名,"4-氯-6,7-二氢-6-(苯基甲基)-5H-吡咯并[3,4-d]嘧啶盐酸盐"
1190927-80-0.html,英文名,"6-Benzyl-4-chloro-4,5,6,7-tetrahydro-3H-pyrrolo[3,4-d]pyrimidine hydrochloride"
1190927-80-0.html,分子式,C13H15Cl2N3
1190927-80-0.html,分子量,284.18400
1190927-80-0.html,精确质量,283.06400
1190927-80-0.html,PSA,27.63000
1190927-80-0.html,LogP,2.45700
119162-52-6.html,中文名,3-(3-溴苯基)-5-氨基异噁唑
119162-52-6.html,英文名,"3-(3-bromophenyl)-1,2-oxazol-5-amine"
119162-52-6.html,中文别名,3-(3-溴苯基)-异噁唑-5-胺
119162-52-6.html,英文别名,更多
119162-52-6.html,熔点,119-121ºC
119162-52-6.html,分子式,C9H7BrN2O
119162-52-6.html,分子量,239.06900
119162-52-6.html,精确质量,237.97400
119162-52-6.html,PSA,52.05000
119162-52-6.html,LogP,3.26750
119162-52-6.html,储存条件,室温，干燥
119162-52-6.html,危害码 (欧洲),Xi: Irritant;
119162-52-6.html,海关编码,2934999090
119162-52-6.html,中文概述,2934999090. 其他杂环化合物. 增值税率:17.0%. 退税率:13.0%. 监管条件:无. 最惠国关税:6.5%. 普通关税:20.0%
119162-52-6.html,申报要素,"品名, 成分含量, 用途"
119162-52-6.html,Summary,2934999090. other heterocyclic compounds. VAT:17.0%. Tax rebate rate:13.0%. . MFN tariff:6.5%. General tariff:20.0%
1192-18-3.html,中文名,"顺式-1,2-二甲基环戊烷"
1192-18-3.html,英文名,"1,cis-2-Dimethylcyclopentane"
1192-18-3.html,英文别名,更多
1192-18-3.html,密度,0.8±0.1 g/cm3
1192-18-3.html,沸点,97.2±7.0 °C at 760 mmHg
1192-18-3.html,分子式,C7H14
1192-18-3.html,分子量,98.186
1192-18-3.html,闪点,-5.6±11.7 °C
1192-18-3.html,精确质量,98.109550
1192-18-3.html,LogP,3.81
1192-18-3.html,蒸汽压,48.2±0.1 mmHg at 25°C
1192-18-3.html,折射率,1.419
1192-18-3.html,分子结构,1、 摩尔折射率：32.472、 摩尔体积（cm3/mol）：128.63、 等张比容（90.2K）：278.84、 表面张力（dyne/cm）：22.05、 极化率（10-24cm3）：12.87
1192-18-3.html,计算化学,1.疏水参数计算参考值（XlogP）:3.22.氢键供体数量:03.氢键受体数量:04.可旋转化学键数量:05.互变异构体数量:无6.拓扑分子极性表面积07.重原子数量:78.表面电荷:09.复杂度:49.110.同位素原子数量:011.确定原子立构中心数量:212.不确定原子立构中心数量:013.确定化学键立构中心数量:014.不确定化学键立构中心数量:015.共价键单元数量:1
1192-18-3.html,海关编码,2902199090
1192-18-3.html,中文概述,2902199090 其他环烷烃、环烯烃及环萜烯。监管条件:无。增值税率:17.0%。退税率:9.0%。最惠国关税:2.0%。普通关税:30.0%
1192-18-3.html,申报要素,"品名, 成分含量"
1192-18-3.html,Summary,"2902199090 other cyclanes, cyclenes and cyclotherpenes。Supervision conditions:None。VAT:17.0%。Tax rebate rate:9.0%。MFN tariff:2.0%。General tariff:30.0%"
1192-18-3.html,1.疏水参数计算参考值（XlogP）,3.2
1192-18-3.html,2.氢键供体数量,0
1192-18-3.html,3.氢键受体数量,0
1192-18-3.html,4.可旋转化学键数量,0
1192-18-3.html,5.互变异构体数量,无
1192-18-3.html,7.重原子数量,7
1192-18-3.html,8.表面电荷,0
1192-18-3.html,9.复杂度,49.1
1192-18-3.html,10.同位素原子数量,0
1192-18-3.html,11.确定原子立构中心数量,2
1192-18-3.html,12.不确定原子立构中心数量,0
1192-18-3.html,13.确定化学键立构中心数量,0
1192-18-3.html,14.不确定化学键立构中心数量,0
1192-18-3.html,15.共价键单元数量,1
119795-57-2.html,中文名,1-氯-4-(3-丙氧基)苯
119795-57-2.html,英文名,1-chloro-4-(3-iodopropoxy)benzene
119795-57-2.html,英文别名,更多
119795-57-2.html,密度,1.673g/cm3
119795-57-2.html,沸点,317ºC at 760mmHg
119795-57-2.html,熔点,31ºC
119795-57-2.html,分子式,C9H10ClIO
119795-57-2.html,分子量,296.53300
119795-57-2.html,闪点,145.5ºC
119795-57-2.html,精确质量,295.94600
119795-57-2.html,PSA,9.23000
119795-57-2.html,LogP,3.54390
119795-57-2.html,蒸汽压,0.000737mmHg at 25°C
119795-57-2.html,折射率,1.593
119795-57-2.html,危害码 (欧洲),Xi:Irritant;
119795-57-2.html,风险声明 (欧洲),R36/37/38
119795-57-2.html,安全声明 (欧洲),S26-S37/39
120-95-6.html,中文名,"2,4-二叔戊基苯酚"
120-95-6.html,英文名,"2,4-Di-tert-pentylphenol"
120-95-6.html,中文别名,"2,4-二叔戊基苯|2,4-二特戊基苯酚|2,4-双(1,1-二甲基丙基)苯酚"
120-95-6.html,英文别名,更多
120-95-6.html,密度,0.9±0.1 g/cm3
120-95-6.html,沸点,285.1±0.0 °C at 760 mmHg
120-95-6.html,熔点,25 °C(lit.)
120-95-6.html,分子式,C16H26O
120-95-6.html,分子量,234.377
120-95-6.html,闪点,139.9±7.8 °C
120-95-6.html,精确质量,234.198364
120-95-6.html,PSA,20.23000
120-95-6.html,LogP,5.92
120-95-6.html,外观性状,透明至淡黄色半固体
120-95-6.html,蒸汽压,0.0±0.6 mmHg at 25°C
120-95-6.html,折射率,1.495
120-95-6.html,储存条件,室温，干燥
120-95-6.html,分子结构,五、分子性质数据：1、 摩尔折射率：74.172、 摩尔体积（m3/mol）：254.23、 等张比容（90.2K）：597.94、 表面张力（dyne/cm）：30.55、 介电常数：6、 偶极距（10-24cm3）：7、 极化率：29.40
120-95-6.html,计算化学,1.疏水参数计算参考值（XlogP）:62.氢键供体数量:13.氢键受体数量:14.可旋转化学键数量:45.互变异构体数量:36.拓扑分子极性表面积20.27.重原子数量:178.表面电荷:09.复杂度:24210.同位素原子数量:011.确定原子立构中心数量:012.不确定原子立构中心数量:013.确定化学键立构中心数量:014.不确定化学键立构中心数量:015.共价键单元数量:1
120-95-6.html,更多,1. 密度：0.9302. 折光率：1.506~1.5083. 闪点（℃）：1434. 熔点（℃）：25
120-95-6.html,符号,GHS07
120-95-6.html,信号词,Warning
120-95-6.html,危害声明,H302-H319
120-95-6.html,警示性声明,P305 + P351 + P338
120-95-6.html,个人防护装备,Eyeshields;Faceshields;full-face respirator (US);Gloves;multi-purpose combination respirator cartridge (US);type ABEK (EN14387) respirator filter
120-95-6.html,危害码 (欧洲),Xn:Harmful;
120-95-6.html,风险声明 (欧洲),R22;R36/38
120-95-6.html,安全声明 (欧洲),S26-S37/39
120-95-6.html,危险品运输编码,NONH for all modes of transport
120-95-6.html,WGK德国,2
120-95-6.html,RTECS号,SL3500000
120-95-6.html,包装等级,I; II; III
120-95-6.html,海关编码,2907199090
120-95-6.html,中文概述,2907199090 其他一元酚. 增值税率:17.0% 退税率:9.0% 监管条件:无 最惠国关税:5.5% 普通关税:30.0%
120-95-6.html,申报要素,"品名, 成分含量, 用途"
120-95-6.html,Summary,2907199090 other monophenols VAT:17.0% Tax rebate rate:9.0% Supervision conditions:none MFN tariff:5.5% General tariff:30.0%
120-95-6.html,1.疏水参数计算参考值（XlogP）,6
120-95-6.html,2.氢键供体数量,1
120-95-6.html,3.氢键受体数量,1
120-95-6.html,4.可旋转化学键数量,4
120-95-6.html,5.互变异构体数量,3
120-95-6.html,7.重原子数量,17
120-95-6.html,8.表面电荷,0
120-95-6.html,9.复杂度,242
120-95-6.html,10.同位素原子数量,0
120-95-6.html,11.确定原子立构中心数量,0
120-95-6.html,12.不确定原子立构中心数量,0
120-95-6.html,13.确定化学键立构中心数量,0
120-95-6.html,14.不确定化学键立构中心数量,0
120-95-6.html,15.共价键单元数量,1
12037-42-2.html,中文名,氧化钒
12037-42-2.html,英文名,"dioxovanadiooxy(dioxo)vanadium,dioxovanadium"
12037-42-2.html,英文别名,更多
12037-42-2.html,密度,3.91
12037-42-2.html,熔点,ca 1500℃
12037-42-2.html,分子式,O13V6
12037-42-2.html,分子量,513.64100
12037-42-2.html,精确质量,513.59800
12037-42-2.html,PSA,214.07000
12037-42-2.html,外观性状,Crystalline Powder | Blue-black
12037-42-2.html,储存条件,常温密闭，阴凉通风干燥
12037-42-2.html,稳定性,常温常压下稳定避免的物料 碱金属 卤素
12037-42-2.html,水溶解性,"Soluble in nitric, hydrofluoric, and concentrated sulfuric acids. Insoluble in water."
12037-42-2.html,更多,"1. 性状：晶体粉末。2. 密度（g/mL,   25 ℃ ）：未确定3. 相对蒸汽密度（g/mL,空气=1）：未确定4. 熔点（ºC）：未确定5. 沸点（ºC,常压）：未确定6. 沸点（ºC，1mmHg）：未确定7. 折射率：未确定8. 闪点（ºC）：未确定9. 比旋光度（º）：未确定10. 自燃点或引燃温度（ºC）：未确定11. 蒸气压（20ºC）：未确定12. 饱和蒸气压（kPa,60ºC）：未确定13. 燃烧热（KJ/mol）：未确定14. 临界温度（ºC）：未确定15. 临界压力（KPa）：未确定16. 油水（辛醇/水）分配系数的对数值：未确定17. 爆炸上限（%,V/V）：未确定18. 爆炸下限（%,V/V）：未确定19. 溶解性：未确定"
12037-42-2.html,危害码 (欧洲),Xi:Irritant;
12037-42-2.html,风险声明 (欧洲),R36/37/38
12037-42-2.html,安全声明 (欧洲),S26-S36/37/39
12037-42-2.html,危险品运输编码,UN3285
12037-42-2.html,包装等级,II
12037-42-2.html,危险类别,6.1
12037-42-2.html,海关编码,2825309000
12068-51-8.html,中文名,铝酸镁
12068-51-8.html,英文名,"dialuminum,magnesium,oxygen(2-)"
12068-51-8.html,中文别名,尖晶石基片|镁铝尖晶石
12068-51-8.html,英文别名,更多
12068-51-8.html,密度,3.64 g/mL at 25 °C(lit.)
12068-51-8.html,熔点,2130 °C(lit.)
12068-51-8.html,分子式,Al2H2MgO4
12068-51-8.html,分子量,144.28200
12068-51-8.html,精确质量,143.94300
12068-51-8.html,PSA,80.26000
12068-51-8.html,储存条件,常温密闭，阴凉通风干燥
12068-51-8.html,稳定性,常温常压下稳定避免的物料 酸 卤素 卤间化合物无色针状立方晶体，a=0.8103nm。相对密度3.55，硬度7.5～8。熔点2135℃，不溶于水和稀硝酸，微溶于硫酸和稀盐酸。用作耐火材料。透明色美者可作为宝石。
12068-51-8.html,分子结构,1、摩尔折射率：无可用的2、摩尔体积（cm3/mol）：无可用的3、等张比容（90.2K）：无可用的4、表面张力（dyne/cm）：无可用的5、介电常数：无可用的6、极化率（10-24cm3）：无可用的7、单一同位素质量：141.927776 Da8、标称质量：142 Da9、平均质量：142.2657 Da
12068-51-8.html,计算化学,1.疏水参数计算参考值（XlogP）:无2.氢键供体数量:03.氢键受体数量:44.可旋转化学键数量:05.互变异构体数量:无6.拓扑分子极性表面积47.重原子数量:78.表面电荷:09.复杂度:010.同位素原子数量:011.确定原子立构中心数量:012.不确定原子立构中心数量:013.确定化学键立构中心数量:014.不确定化学键立构中心数量:015.共价键单元数量:7
12068-51-8.html,更多,"1. 性状：白色粉末2. 密度（g/mL,25℃）：3.553. 相对蒸汽密度（g/mL,空气=1）：未确定4. 熔点（ºC）：21305. 沸点（ºC,常压）：未确定6. 沸点（ºC，1mmHg）：未确定7. 折射率：未确定8. 闪点（ºC）：未确定9. 比旋光度（º）：未确定10. 自燃点或引燃温度（ºC）：未确定11. 蒸气压（20ºC）：未确定12. 饱和蒸气压（kPa,60ºC）：未确定13. 燃烧热（KJ/mol）：未确定14. 临界温度（ºC）：未确定15. 临界压力（KPa）：未确定16. 油水（辛醇/水）分配系数的对数值：未确定17. 爆炸上限（%,V/V）：未确定18. 爆炸下限（%,V/V）：未确定19. 溶解性：未确定"
12068-51-8.html,个人防护装备,Eyeshields;Gloves;type N95 (US);type P1 (EN143) respirator filter
12068-51-8.html,危险品运输编码,NONH for all modes of transport
12068-51-8.html,WGK德国,3
12068-51-8.html,1.疏水参数计算参考值（XlogP）,无
12068-51-8.html,2.氢键供体数量,0
12068-51-8.html,3.氢键受体数量,4
12068-51-8.html,4.可旋转化学键数量,0
12068-51-8.html,5.互变异构体数量,无
12068-51-8.html,7.重原子数量,7
12068-51-8.html,8.表面电荷,0
12068-51-8.html,9.复杂度,0
12068-51-8.html,10.同位素原子数量,0
12068-51-8.html,11.确定原子立构中心数量,0
12068-51-8.html,12.不确定原子立构中心数量,0
12068-51-8.html,13.确定化学键立构中心数量,0
12068-51-8.html,14.不确定化学键立构中心数量,0
12068-51-8.html,15.共价键单元数量,7
120811-33-8.html,中文名,3-甲基氨基四氢吡喃
120811-33-8.html,英文名,N-methyloxan-3-amine
120811-33-8.html,英文别名,更多
120811-33-8.html,分子式,C6H13NO
120811-33-8.html,分子量,115.17400
120811-33-8.html,精确质量,115.10000
120811-33-8.html,PSA,21.26000
120811-33-8.html,LogP,0.77570
121-28-8.html,中文名,异丙基肾上腺酮
121-28-8.html,英文名,"1-(3,4-dihydroxyphenyl)-2-(propan-2-ylamino)ethanone"
121-28-8.html,中文别名,"1-(3,4-二羟基苯基)-2-[(1-甲基乙基)氨基]乙酮|(3,4-二羟基苯基)[(异丙基氨基)甲基]酮|1-(3,4-二羟基苯基)-2-[(1-甲基乙基)氨基]-1-乙酮|1-(3,4-二羟基苯基)-2-(异丙基氨基)乙酮"
121-28-8.html,英文别名,更多
121-28-8.html,密度,1.185g/cm3
121-28-8.html,沸点,409.7ºC at 760mmHg
121-28-8.html,熔点,96ºC
121-28-8.html,分子式,C11H15NO3
121-28-8.html,分子量,209.24200
121-28-8.html,闪点,201.6ºC
121-28-8.html,精确质量,209.10500
121-28-8.html,PSA,69.56000
121-28-8.html,LogP,1.66940
121-28-8.html,蒸汽压,2.69E-07mmHg at 25°C
121-28-8.html,折射率,1.564
121-28-8.html,分子结构,1、 摩尔折射率：57.492、 摩尔体积（cm3/mol）：176.53、 等张比容（90.2K）：467.14、 表面张力（dyne/cm）：49.05、 极化率（10-24cm3）：22.79
121-28-8.html,计算化学,1.疏水参数计算参考值（XlogP）:1.32.氢键供体数量:33.氢键受体数量:44.可旋转化学键数量:45.互变异构体数量:476.拓扑分子极性表面积69.67.重原子数量:158.表面电荷:09.复杂度:21810.同位素原子数量:011.确定原子立构中心数量:012.不确定原子立构中心数量:013.确定化学键立构中心数量:014.不确定化学键立构中心数量:015.共价键单元数量:1
121-28-8.html,更多,1.性状：黄色结晶。
121-28-8.html,海关编码,2922509090
121-28-8.html,中文概述,2922509090. 其他氨基醇酚、氨基酸酚及其他含氧基氨基化合物. 增值税率:17.0%. 退税率:13.0%. 监管条件：AB. 最惠国关税:6.5%. 普通关税:30.0%
121-28-8.html,申报要素,"品名, 成分含量, 用途, 乙醇胺及其盐应报明色度, 乙醇胺及其盐应报明包装"
121-28-8.html,监管条件,A.入境货物通关单 B.出境货物通关单
121-28-8.html,检验检疫,R.进口食品卫生监督检验 S.出口食品卫生监督检验
121-28-8.html,Summary,"2922509090. other amino-alcohol-phenols, amino-acid-phenols and other amino-compounds with oxygen function. VAT:17.0%. Tax rebate rate:13.0%. . MFN tariff:6.5%. General tariff:30.0%"
121-28-8.html,1.疏水参数计算参考值（XlogP）,1.3
121-28-8.html,2.氢键供体数量,3
121-28-8.html,3.氢键受体数量,4
121-28-8.html,4.可旋转化学键数量,4
121-28-8.html,5.互变异构体数量,47
121-28-8.html,7.重原子数量,15
121-28-8.html,8.表面电荷,0
121-28-8.html,9.复杂度,218
121-28-8.html,10.同位素原子数量,0
121-28-8.html,11.确定原子立构中心数量,0
121-28-8.html,12.不确定原子立构中心数量,0
121-28-8.html,13.确定化学键立构中心数量,0
121-28-8.html,14.不确定化学键立构中心数量,0
121-28-8.html,15.共价键单元数量,1
12113-23-4.html,中文名,"N1,n1-二异丙基-1,2-乙二胺"
12113-23-4.html,英文名,N-ferrocenylmethylene-para-toluidine
12113-23-4.html,分子式,C18H8FeN
12113-23-4.html,分子量,294.10800
12113-23-4.html,精确质量,294.00100
12113-23-4.html,PSA,12.36000
12113-23-4.html,LogP,2.88580
121495-40-7.html,中文名,"2-(2-N-Boc-N-甲基-氨基乙基)-1H-异吲哚-1,3(2H-)-二酮"
121495-40-7.html,英文名,"tert-butyl N-[2-(1,3-dioxoisoindol-2-yl)ethyl]-N-methylcarbamate"
121495-40-7.html,英文别名,更多
121495-40-7.html,分子式,C16H20N2O4
121495-40-7.html,分子量,304.34100
121495-40-7.html,精确质量,304.14200
121495-40-7.html,PSA,66.92000
121495-40-7.html,LogP,2.08740
121495-40-7.html,海关编码,2925190090
121495-40-7.html,中文概述,2925190090 其他酰亚胺及其衍生物盐. 增值税率:17.0% 退税率:9.0% 监管条件:无 最惠国关税:6.5% 普通关税:30.0%
121495-40-7.html,申报要素,"品名, 成分含量, 用途"
121495-40-7.html,Summary,2925190090 other imides and their derivatives; salts thereof VAT:17.0% Tax rebate rate:9.0% Supervision conditions:none MFN tariff:6.5% General tariff:30.0%
122066-43-7.html,中文名,"1,3-二甲基丙烯酸金刚烷酯"
122066-43-7.html,英文名,"adamantane-1,3-diol,2-methylprop-2-enoic acid"
122066-43-7.html,中文别名,"1,3-金刚烷二醇二甲基丙烯酸酯"
122066-43-7.html,英文别名,更多
122066-43-7.html,密度,1.139 g/cm3
122066-43-7.html,沸点,374.528ºC at 760 mmHg
122066-43-7.html,分子式,C18H24O4
122066-43-7.html,分子量,304.38100
122066-43-7.html,闪点,178.462ºC
122066-43-7.html,精确质量,304.16700
122066-43-7.html,PSA,52.60000
122066-43-7.html,LogP,3.31640
122066-43-7.html,海关编码,2916190090
122066-43-7.html,中文概述,"2916190090 其他不饱和无环一元羧酸（包括其酸酐、酰卤化物，过氧化物和过氧酸以及它们的衍生物）。监管条件:AB(入境货物通关单,出境货物通关单)。增值税率:17.0%。退税率:9.0%。最惠国关税:6.5%。普通关税:30.0%"
122066-43-7.html,申报要素,"品名, 成分含量, 用途, 丙烯酸、丙烯酸盐或酯应报明包装"
122066-43-7.html,监管条件,A.入境货物通关单 B.出境货物通关单
122066-43-7.html,检验检疫,R.进口食品卫生监督检验 S.出口食品卫生监督检验 M.进口商品检验 N.出口商品检验
122066-43-7.html,Summary,"2916190090 unsaturated acyclic monocarboxylic acids, their anhydrides, halides, peroxides, peroxyacids and their derivatives。supervision conditions:AB(certificate of inspection for goods inward,certificate of inspection for goods outward)。VAT:17.0%。tax rebate rate:9.0%。MFN tariff:6.5%。general tariff:30.0%"
12223-39-1.html,中文名,分散红72
12223-39-1.html,英文名,2-[N-(2-cyanoethyl)-4-[(2-cyano-4-nitrophenyl)diazenyl]anilino]ethyl acetate
12223-39-1.html,中文别名,2-[[4-[(2-氰基-4-硝基苯基)偶氮]苯基](2-氰乙基)氨基]乙基乙酸酯|分散红 S-FL
12223-39-1.html,英文别名,更多
12223-39-1.html,密度,1.27g/cm3
12223-39-1.html,沸点,654.7ºC at 760mmHg
12223-39-1.html,分子式,C20H18N6O4
12223-39-1.html,分子量,406.39500
12223-39-1.html,闪点,349.8ºC
12223-39-1.html,精确质量,406.13900
12223-39-1.html,PSA,147.66000
12223-39-1.html,LogP,4.68826
12223-39-1.html,蒸汽压,5.09E-17mmHg at 25°C
12223-39-1.html,折射率,1.613
1227-61-8.html,中文名,美非沙胺 盐酸盐
1227-61-8.html,英文名,"N-[2-(diethylamino)ethyl]-2-(4-methoxyphenoxy)acetamide,hydrochloride"
1227-61-8.html,中文别名,美非沙胺
1227-61-8.html,英文别名,更多
1227-61-8.html,描述,Mefexamide是一种特别的精神刺激剂。
1227-61-8.html,相关类别,信号通路>>其他>>其他研究领域>>神经疾病
1227-61-8.html,密度,1.0586 (rough estimate)
1227-61-8.html,沸点,460.4ºC at 760 mmHg
1227-61-8.html,分子式,C15H24N2O3
1227-61-8.html,分子量,280.36
1227-61-8.html,闪点,232.2ºC
1227-61-8.html,PSA,50.80000
1227-61-8.html,LogP,2.72490
1227-61-8.html,蒸汽压,1.17E-08mmHg at 25°C
1227-61-8.html,折射率,1.5800 (estimate)
1227-61-8.html,储存条件,2-8℃
1227-61-8.html,符号,GHS06
1227-61-8.html,信号词,Danger
1227-61-8.html,危害声明,H300-H310-H330
1227-61-8.html,警示性声明,P260-P264-P280-P284-P302 + P350-P310
1227-61-8.html,个人防护装备,Eyeshields;Faceshields;full-face particle respirator type N100 (US);Gloves;respirator cartridge type N100 (US);type P1 (EN143) respirator filter;type P3 (EN 143) respirator cartridges
1227-61-8.html,危害码 (欧洲),T+
1227-61-8.html,风险声明 (欧洲),26/27/28
1227-61-8.html,安全声明 (欧洲),22-36/37/39-45
1227-61-8.html,危险品运输编码,UN 2811 6.1/PG 1
1227-61-8.html,WGK德国,3
1227-61-8.html,RTECS号,AB7175000
1227-61-8.html,海关编码,2924299090
1227-61-8.html,中文概述,2924299090. 其他环酰胺（包括环氨基甲酸酯）（包括其衍生物以及他们的盐）. 增值税率:17.0%. 退税率:13.0%. 监管条件:无. 最惠国关税:6.5%. 普通关税:30.0%
1227-61-8.html,申报要素,"品名, 成分含量, 用途, 包装"
1227-61-8.html,Summary,2924299090. other cyclic amides (including cyclic carbamates) and their derivatives; salts thereof. VAT:17.0%. Tax rebate rate:13.0%. . MFN tariff:6.5%. General tariff:30.0%
123333-60-8.html,中文名,铈(IV)硫酸盐水合物
123333-60-8.html,英文名,"cerium(4+),disulfate,hydrate"
123333-60-8.html,中文别名,硫酸钠X水合物
123333-60-8.html,分子式,CeH2O9S2
123333-60-8.html,分子量,350.25600
123333-60-8.html,精确质量,349.81900
123333-60-8.html,PSA,186.51000
123333-60-8.html,储存条件,密闭于阴凉干燥环境中
123333-60-8.html,稳定性,在630℃失去结晶水。
123333-60-8.html,分子结构,1、摩尔折射率：无可用2、 摩尔体积（cm3/mol）：无可用3、 等张比容（90.2K）：无可用4、 表面张力（dyne/cm）：无可用5、 极化率：无可用
123333-60-8.html,计算化学,1.疏水参数计算参考值（XlogP）:无2.氢键供体数量:13.氢键受体数量:94.可旋转化学键数量:05.互变异构体数量:无6.拓扑分子极性表面积1787.重原子数量:128.表面电荷:09.复杂度:62.210.同位素原子数量:011.确定原子立构中心数量:012.不确定原子立构中心数量:013.确定化学键立构中心数量:014.不确定化学键立构中心数量:015.共价键单元数量:4
123333-60-8.html,更多,"1. 性状：微红色晶体或粉末2. 密度（g/mL,25/4℃）：2.8863. 相对蒸汽密度（g/mL,空气=1）：无可用4. 熔点（ºC）：无可用5. 沸点（ºC,常压）：无可用6. 沸点（ºC,5.2kPa）：无可用7. 折射率：无可用8. 闪点（ºC）：无可用9. 比旋光度（º）：无可用10. 自燃点或引燃温度（ºC）：无可用11. 蒸气压（kPa,25ºC）：无可用12. 饱和蒸气压（kPa,60ºC）：无可用13. 燃烧热（KJ/mol）：无可用14. 临界温度（ºC）：无可用15. 临界压力（KPa）：无可用16. 油水（辛醇/水）分配系数的对数值：无可用17. 爆炸上限（%,V/V）：无可用18. 爆炸下限（%,V/V）：无可用19. 溶解性：溶于水和酸。"
123333-60-8.html,危害码 (欧洲),O;C
123333-60-8.html,风险声明 (欧洲),R8;R35
123333-60-8.html,安全声明 (欧洲),S17-S26-S45-S36-S37-S39
123333-60-8.html,1.疏水参数计算参考值（XlogP）,无
123333-60-8.html,2.氢键供体数量,1
123333-60-8.html,3.氢键受体数量,9
123333-60-8.html,4.可旋转化学键数量,0
123333-60-8.html,5.互变异构体数量,无
123333-60-8.html,7.重原子数量,12
123333-60-8.html,8.表面电荷,0
123333-60-8.html,9.复杂度,62.2
123333-60-8.html,10.同位素原子数量,0
123333-60-8.html,11.确定原子立构中心数量,0
123333-60-8.html,12.不确定原子立构中心数量,0
123333-60-8.html,13.确定化学键立构中心数量,0
123333-60-8.html,14.不确定化学键立构中心数量,0
123333-60-8.html,15.共价键单元数量,4
